sample_idx,true_label,pred_T1,variance_T1,pred_T2,variance_T2,pred_T3,variance_T3,pred_T5,variance_T5,pred_T8,variance_T8,pred_T13,variance_T13,pred_T21,variance_T21
0,dense,dense,,dense,0.002263,dense,0.000609,dense,0.0075,dense,0.001607,dense,0.009742,dense,0.087024
1,dense,dense,,dense,0.0,dense,0.0,dense,0.0,dense,0.0,dense,0.0,dense,0.0
2,dense,dense_leafless,,dense_leafless,0.034211,dense_leafless,0.00656,dense_leafless,0.014387,dense_leafless,0.233276,dense_leafless,0.214888,dense_leafless,0.223442
3,dense,dense_leafless,,dense_leafless,0.00893,dense_leafless,0.073582,dense_leafless,0.166332,dense_leafless,0.26543,dense_leafless,0.152186,dense_leafless,0.220541
4,dense,dense,,dense,0.000958,dense,0.009209,dense,0.062223,dense,0.363865,dense,0.318089,dense,0.065926
5,dense,dense_leafless,,dense_leafless,3.4e-05,dense_leafless,0.000655,dense_leafless,0.007804,dense_leafless,0.189417,dense_leafless,0.063067,dense_leafless,0.035006
6,dense,dense,,dense,0.0,dense,0.0,dense,0.0,dense,0.0,dense,0.0,dense,0.0
7,dense,dense,,dense,0.0,dense,0.0,dense,0.0,dense,0.0,dense,0.0,dense,0.0
8,dense,dense_leafless,,dense_leafless,0.002042,dense_leafless,0.006936,dense_leafless,0.00764,dense_leafless,0.071947,dense_leafless,0.079045,dense_leafless,0.055694
9,dense,dense,,dense,0.0,dense,0.0,dense,0.0,dense,0.0,dense,0.0,dense,0.0
10,dense,dense,,dense,0.0,dense,0.0,dense,0.0,dense,0.0,dense,0.0,dense,0.0
11,dense,dense,,dense,0.0,dense,0.0,dense,0.0,dense,0.0,dense,0.0,dense,0.0
12,dense,dense,,dense,0.0,dense,0.0,dense,0.0,dense,0.0,dense,0.0,dense,0.0
13,dense,dense,,dense,0.0,dense,0.0,dense,0.0,dense,0.0,dense,0.0,dense,0.0
14,dense,dense,,dense,0.00152,dense,8.4e-05,dense,0.008749,dense,0.003177,dense,0.020675,dense,0.008463
15,dense,dense,,dense,0.001865,dense,0.0,dense,0.004609,dense,0.022629,dense,0.005226,dense,0.002674
16,dense,dense_leafless,,dense_leafless,0.002887,dense_leafless,0.036434,dense_leafless,0.146636,dense_leafless,0.2035,dense_leafless,0.314211,dense_leafless,0.318729
17,dense,dense,,dense,0.0,dense,0.0,dense,0.0,dense,0.0,dense,0.0,dense,0.0
18,dense,sparse,,sparse,0.042183,sparse,0.027053,sparse,0.421487,sparse,0.226162,sparse,0.175208,sparse,0.215102
19,dense,dense,,dense,2e-06,dense,0.000162,dense,7.8e-05,dense,5e-06,dense,0.000654,dense,0.000207
20,dense,dense,,dense,0.0,dense,0.0,dense,0.0,dense,2.7e-05,dense,1e-06,dense,5e-06
21,dense,dense,,dense,0.0,dense,5e-06,dense,1.7e-05,dense,4e-06,dense,0.000254,dense,5e-06
22,dense,dense,,dense,0.0,dense,0.0,dense,0.0,dense,0.0,dense,0.0,dense,0.0
23,dense,dense,,dense,0.000223,dense,0.001157,dense,0.00434,dense,0.007705,dense,0.001809,dense,0.001
24,dense,dense,,dense,0.002414,dense,0.005969,dense,0.02435,dense,0.024305,dense,0.145452,dense,0.10746
25,dense,dense,,dense,0.0,dense,0.0,dense,8e-06,dense,0.0,dense,0.000201,dense,9.3e-05
26,dense,dense,,dense,0.0,dense,3e-06,dense,6e-06,dense,1.1e-05,dense,0.000122,dense,4e-06
27,dense,dense,,dense,3.4e-05,dense,1e-06,dense,1e-06,dense,0.000199,dense,1.4e-05,dense,3.9e-05
28,dense,dense,,dense,0.0,dense,0.0,dense,3e-06,dense,1e-06,dense,5e-06,dense,3e-06
29,dense,dense,,dense,0.000154,dense,0.001207,dense,0.011309,dense,0.005391,dense,0.010496,dense,0.023589
30,dense,dense,,dense,0.0,dense,1e-06,dense,0.0,dense,6.9e-05,dense,2e-06,dense,2.1e-05
31,dense,dense,,dense,0.0,dense,1.6e-05,dense,3e-06,dense,0.000305,dense,1e-06,dense,7e-06
32,dense,dense,,dense,0.0,dense,0.0,dense,0.0,dense,0.0,dense,0.0,dense,0.0
33,dense,sparse,,sparse,0.005963,sparse,0.0,sparse,0.000241,sparse,0.000273,sparse,0.00169,sparse,0.002008
34,dense,dense,,dense,0.0,dense,0.0,dense,0.0,dense,0.0,dense,0.0,dense,0.0
35,dense,dense_leafless,,dense_leafless,0.000514,dense_leafless,0.000585,dense_leafless,0.009154,dense_leafless,0.006267,dense_leafless,0.000652,dense_leafless,0.0023
36,dense,dense,,dense,0.0,dense,0.0,dense,0.0,dense,0.0,dense,0.0,dense,0.0
37,dense,sparse,,sparse,0.0,sparse,0.0,sparse,0.0,sparse,0.0,sparse,0.0,sparse,0.0
38,dense,sparse,,sparse,0.0202,sparse,0.266194,sparse,0.00568,sparse,0.064083,sparse,0.095397,sparse,0.152197
39,dense,dense,,dense,2e-06,dense,5.4e-05,dense,0.000358,dense,0.22661,dense,0.004401,dense,0.000652
40,dense,dense,,dense,1.1e-05,dense,0.154187,dense,0.57689,dense,0.166919,dense,0.309224,dense,0.105622
41,dense,dense,,dense,0.0,dense,0.0,dense,0.0,dense,0.0,dense,0.0,dense,0.0
42,dense,dense,,dense,0.0,dense,0.0,dense,0.0,dense,0.0,dense,0.0,dense,0.0
43,dense,dense,,dense,0.0,dense,0.0,dense,0.0,dense,0.0,dense,0.0,dense,0.0
44,dense,dense,,dense,0.0,dense,0.0,dense,0.0,dense,0.0,dense,0.0,dense,0.0
45,dense,dense,,dense,0.0,dense,0.0,dense,0.0,dense,0.0,dense,0.0,dense,0.0
46,dense,dense,,dense,0.0,dense,0.0,dense,0.0,dense,0.0,dense,0.0,dense,0.0
47,dense,dense,,dense,0.0,dense,0.0,dense,0.0,dense,0.0,dense,0.0,dense,0.0
48,dense,dense,,dense,0.0,dense,0.0,dense,0.0,dense,0.0,dense,0.0,dense,0.0
49,dense,dense,,dense,0.0,dense,0.0,dense,0.0,dense,0.0,dense,0.0,dense,0.0
50,dense,dense,,dense,0.0,dense,0.0,dense,0.0,dense,0.0,dense,0.0,dense,0.0
51,dense,dense,,dense,0.0,dense,0.0,dense,0.0,dense,0.0,dense,0.0,dense,0.0
52,dense,dense,,dense,0.0,dense,0.0,dense,0.0,dense,0.0,dense,0.0,dense,0.0
53,dense,dense,,dense,0.0,dense,0.0,dense,0.0,dense,0.0,dense,0.0,dense,0.0
54,dense,dense,,dense,0.0,dense,0.0,dense,0.0,dense,0.0,dense,0.0,dense,0.0
55,dense,dense,,dense,0.0,dense,0.0,dense,0.0,dense,0.0,dense,0.0,dense,0.0
56,dense,dense,,dense,0.0,dense,0.0,dense,0.0,dense,0.0,dense,0.0,dense,0.0
57,dense,dense,,dense,0.0,dense,0.0,dense,0.0,dense,0.0,dense,0.0,dense,0.0
58,dense,dense,,dense,0.0,dense,0.0,dense,0.0,dense,0.0,dense,0.0,dense,0.0
59,dense,dense,,dense,0.0,dense,0.0,dense,0.0,dense,0.0,dense,0.0,dense,0.0
60,dense,dense,,dense,0.0,dense,0.0,dense,0.0,dense,0.0,dense,0.0,dense,0.0
61,dense,dense,,dense,0.0,dense,0.0,dense,0.0,dense,0.0,dense,0.0,dense,0.0
62,dense,dense,,dense,0.0,dense,0.0,dense,0.0,dense,0.0,dense,0.0,dense,0.0
63,dense,dense,,dense,0.0,dense,0.0,dense,0.0,dense,0.0,dense,0.0,dense,0.0
64,dense,dense,,dense,0.0,dense,0.0,dense,0.0,dense,0.0,dense,0.0,dense,0.0
65,dense,dense,,dense,0.0,dense,0.0,dense,0.0,dense,0.0,dense,0.0,dense,0.0
66,dense,dense,,dense,0.0,dense,0.0,dense,0.0,dense,0.0,dense,0.0,dense,0.0
67,dense,dense,,dense,0.0,dense,0.0,dense,0.0,dense,0.0,dense,0.0,dense,0.0
68,dense,dense,,dense,0.0,dense,0.0,dense,0.0,dense,0.0,dense,0.0,dense,0.0
69,dense,dense,,dense,0.0,dense,0.0,dense,0.0,dense,0.0,dense,0.0,dense,0.0
70,dense,dense,,dense,0.0,dense,0.0,dense,0.0,dense,0.0,dense,0.0,dense,0.0
71,dense,dense,,dense,0.0,dense,0.0,dense,0.0,dense,0.0,dense,0.0,dense,0.0
72,dense,dense,,dense,0.0,dense,0.0,dense,0.0,dense,0.0,dense,0.0,dense,0.0
73,dense,dense,,dense,0.0,dense,0.0,dense,0.0,dense,0.0,dense,0.0,dense,0.0
74,dense,dense,,dense,0.0,dense,0.0,dense,0.0,dense,0.0,dense,0.0,dense,0.0
75,dense,dense,,dense,0.0,dense,0.0,dense,0.0,dense,0.0,dense,0.0,dense,0.0
76,dense,dense,,dense,0.0,dense,0.0,dense,0.0,dense,0.0,dense,0.0,dense,0.0
77,dense,dense,,dense,0.0,dense,0.0,dense,0.0,dense,0.0,dense,0.0,dense,0.0
78,dense,dense,,dense,0.0,dense,0.0,dense,0.0,dense,0.0,dense,0.0,dense,0.0
79,dense,dense,,dense,0.0,dense,0.0,dense,0.0,dense,0.0,dense,0.0,dense,0.0
80,dense,dense,,dense,0.0,dense,0.0,dense,0.0,dense,0.0,dense,0.0,dense,0.0
81,dense,dense,,dense,0.0,dense,0.0,dense,0.0,dense,0.0,dense,0.0,dense,0.0
82,dense,dense,,dense,0.0,dense,0.0,dense,0.0,dense,0.0,dense,0.0,dense,0.0
83,dense,dense,,dense,0.0,dense,0.0,dense,0.0,dense,0.0,dense,0.0,dense,0.0
84,dense,open,,dense,0.058314,dense,0.256554,dense,0.279653,dense,0.195233,dense,0.53136,dense,0.117856
85,dense_leafless,dense_leafless,,dense_leafless,0.001222,dense_leafless,0.000371,dense_leafless,7.3e-05,dense_leafless,0.000588,dense_leafless,0.000474,dense_leafless,0.000701
86,dense_leafless,dense_leafless,,dense_leafless,0.000562,dense_leafless,0.031806,dense_leafless,0.023104,dense_leafless,0.064755,dense_leafless,0.00746,dense_leafless,0.008563
87,dense_leafless,dense_leafless,,dense_leafless,0.0,dense_leafless,0.0,dense_leafless,0.0,dense_leafless,0.0,dense_leafless,0.0,dense_leafless,0.0
88,dense_leafless,dense_leafless,,dense_leafless,6e-06,dense_leafless,1e-06,dense_leafless,0.0,dense_leafless,7e-06,dense_leafless,8e-06,dense_leafless,2.4e-05
89,dense_leafless,dense_leafless,,dense_leafless,0.0,dense_leafless,0.0,dense_leafless,0.0,dense_leafless,0.0,dense_leafless,0.0,dense_leafless,0.0
90,dense_leafless,dense_leafless,,dense_leafless,4e-06,dense_leafless,0.0,dense_leafless,3e-06,dense_leafless,5.5e-05,dense_leafless,5.4e-05,dense_leafless,0.005984
91,dense_leafless,dense_leafless,,dense_leafless,0.0,dense_leafless,0.0,dense_leafless,0.0,dense_leafless,0.0,dense_leafless,0.0,dense_leafless,0.0
92,dense_leafless,dense_leafless,,dense_leafless,0.0,dense_leafless,0.0,dense_leafless,1e-06,dense_leafless,7.4e-05,dense_leafless,0.0,dense_leafless,1e-06
93,dense_leafless,dense_leafless,,dense_leafless,0.0,dense_leafless,0.0,dense_leafless,0.0,dense_leafless,0.0,dense_leafless,0.0,dense_leafless,0.0
94,dense_leafless,dense_leafless,,dense_leafless,0.0,dense_leafless,0.0,dense_leafless,0.0,dense_leafless,0.0,dense_leafless,0.0,dense_leafless,0.0
95,dense_leafless,dense_leafless,,dense_leafless,0.0,dense_leafless,0.0,dense_leafless,0.0,dense_leafless,0.0,dense_leafless,0.0,dense_leafless,0.0
96,dense_leafless,dense_leafless,,dense_leafless,0.0,dense_leafless,0.0,dense_leafless,0.0,dense_leafless,0.0,dense_leafless,0.0,dense_leafless,0.0
97,dense_leafless,dense_leafless,,dense_leafless,0.0,dense_leafless,0.0,dense_leafless,0.0,dense_leafless,0.0,dense_leafless,0.0,dense_leafless,0.0
98,dense_leafless,sparse_leafless,,sparse_leafless,5.6e-05,sparse_leafless,3e-06,sparse_leafless,0.001161,sparse_leafless,0.005506,sparse_leafless,0.000172,sparse_leafless,0.000152
99,dense_leafless,dense_leafless,,dense_leafless,6e-06,dense_leafless,1.4e-05,dense_leafless,0.005196,dense_leafless,3.1e-05,dense_leafless,6.9e-05,dense_leafless,0.000354
100,dense_leafless,sparse_leafless,,sparse_leafless,0.0,sparse_leafless,1e-06,sparse_leafless,7e-06,sparse_leafless,3.4e-05,sparse_leafless,7.2e-05,sparse_leafless,2.7e-05
101,dense_leafless,dense,,dense,0.008843,dense,0.000756,dense,0.513727,dense,0.215178,dense,0.246393,dense,0.413927
102,dense_leafless,dense_leafless,,dense_leafless,0.0,dense_leafless,0.0,dense_leafless,0.0,dense_leafless,0.0,dense_leafless,0.0,dense_leafless,0.0
103,dense_leafless,dense_leafless,,dense_leafless,0.0,dense_leafless,0.0,dense_leafless,0.0,dense_leafless,0.0,dense_leafless,0.0,dense_leafless,0.0
104,dense_leafless,dense_leafless,,dense_leafless,0.0,dense_leafless,0.0,dense_leafless,0.0,dense_leafless,0.0,dense_leafless,0.0,dense_leafless,0.0
105,dense_leafless,dense_leafless,,dense_leafless,1.6e-05,dense_leafless,0.0,dense_leafless,6e-06,dense_leafless,5.1e-05,dense_leafless,0.00043,dense_leafless,6.8e-05
106,dense_leafless,dense_leafless,,dense_leafless,0.0,dense_leafless,0.0,dense_leafless,0.0,dense_leafless,0.0,dense_leafless,0.0,dense_leafless,0.0
107,dense_leafless,dense_leafless,,dense_leafless,4e-06,dense_leafless,4.4e-05,dense_leafless,1.9e-05,dense_leafless,9.9e-05,dense_leafless,0.000183,dense_leafless,0.000326
108,dense_leafless,dense_leafless,,dense_leafless,0.0,dense_leafless,0.0,dense_leafless,0.0,dense_leafless,0.0,dense_leafless,0.0,dense_leafless,0.0
109,dense_leafless,dense_leafless,,dense_leafless,0.0,dense_leafless,0.0,dense_leafless,0.0,dense_leafless,0.0,dense_leafless,0.0,dense_leafless,0.0
110,dense_leafless,dense_leafless,,dense_leafless,0.0,dense_leafless,0.0,dense_leafless,0.0,dense_leafless,0.0,dense_leafless,0.0,dense_leafless,0.0
111,dense_leafless,dense_leafless,,dense_leafless,0.0,dense_leafless,0.0,dense_leafless,0.0,dense_leafless,0.0,dense_leafless,0.0,dense_leafless,0.0
112,dense_leafless,dense_leafless,,dense_leafless,1e-06,dense_leafless,0.0,dense_leafless,0.0,dense_leafless,2e-06,dense_leafless,0.0,dense_leafless,3e-06
113,dense_leafless,dense_leafless,,dense_leafless,5e-06,dense_leafless,3e-06,dense_leafless,6.2e-05,dense_leafless,4e-06,dense_leafless,0.000106,dense_leafless,1.8e-05
114,dense_leafless,dense_leafless,,dense_leafless,0.0,dense_leafless,0.0,dense_leafless,0.0,dense_leafless,0.0,dense_leafless,1e-06,dense_leafless,0.0
115,dense_leafless,dense_leafless,,dense_leafless,1e-06,dense_leafless,1e-06,dense_leafless,7e-06,dense_leafless,0.000155,dense_leafless,4e-06,dense_leafless,1.1e-05
116,dense_leafless,dense_leafless,,dense_leafless,8e-06,dense_leafless,2e-05,dense_leafless,4e-06,dense_leafless,2.2e-05,dense_leafless,0.000137,dense_leafless,1.6e-05
117,dense_leafless,dense_leafless,,dense_leafless,0.0,dense_leafless,3e-06,dense_leafless,2e-06,dense_leafless,1.1e-05,dense_leafless,2.7e-05,dense_leafless,2.4e-05
118,dense_leafless,dense_leafless,,dense_leafless,0.000981,dense_leafless,0.005719,dense_leafless,0.01211,dense_leafless,0.001233,dense_leafless,0.007562,dense_leafless,0.009237
119,dense_leafless,dense_leafless,,dense_leafless,3.8e-05,dense_leafless,0.000144,dense_leafless,0.001063,dense_leafless,1.5e-05,dense_leafless,9e-05,dense_leafless,0.000282
120,dense_leafless,dense_leafless,,dense_leafless,0.007721,dense_leafless,0.001799,dense_leafless,0.045418,dense_leafless,0.003859,dense_leafless,0.009629,dense_leafless,0.005376
121,dense_leafless,dense_leafless,,dense_leafless,6.3e-05,dense_leafless,0.000603,dense_leafless,0.002427,dense_leafless,0.000392,dense_leafless,0.002971,dense_leafless,0.005863
122,dense_leafless,dense_leafless,,dense_leafless,6e-06,dense_leafless,0.000104,dense_leafless,0.024084,dense_leafless,0.000528,dense_leafless,0.005155,dense_leafless,0.01294
123,dense_leafless,open_leafless,,open_leafless,0.011258,open_leafless,0.000421,open_leafless,0.023784,open_leafless,0.110441,open_leafless,0.006073,open_leafless,0.061019
124,dense_leafless,dense_leafless,,dense_leafless,1e-06,dense_leafless,0.0,dense_leafless,0.0,dense_leafless,4e-06,dense_leafless,0.0,dense_leafless,0.0
125,dense_leafless,dense_leafless,,dense_leafless,0.0,dense_leafless,0.0,dense_leafless,0.0,dense_leafless,1e-06,dense_leafless,1.1e-05,dense_leafless,1e-06
126,dense_leafless,dense_leafless,,dense_leafless,0.0,dense_leafless,0.0,dense_leafless,0.0,dense_leafless,0.0,dense_leafless,0.0,dense_leafless,0.0
127,dense_leafless,dense_leafless,,dense_leafless,0.041146,dense_leafless,0.011711,dense_leafless,0.085708,dense_leafless,0.037011,dense_leafless,0.146087,dense_leafless,0.063265
128,dense_leafless,dense_leafless,,dense_leafless,0.0,dense_leafless,7e-06,dense_leafless,3e-06,dense_leafless,2e-06,dense_leafless,2e-06,dense_leafless,5e-06
129,dense_leafless,dense_leafless,,dense_leafless,0.0,dense_leafless,0.0,dense_leafless,0.0,dense_leafless,0.0,dense_leafless,0.0,dense_leafless,0.0
130,dense_leafless,dense_leafless,,dense_leafless,0.0,dense_leafless,0.0,dense_leafless,0.0,dense_leafless,0.0,dense_leafless,0.0,dense_leafless,0.0
131,dense_leafless,dense_leafless,,dense_leafless,0.0,dense_leafless,0.0,dense_leafless,0.0,dense_leafless,0.0,dense_leafless,0.0,dense_leafless,0.0
132,dense_leafless,dense_leafless,,dense_leafless,0.000113,dense_leafless,0.002097,dense_leafless,0.016326,dense_leafless,0.00465,dense_leafless,0.019142,dense_leafless,0.001567
133,dense_leafless,dense_leafless,,dense_leafless,0.0,dense_leafless,0.0,dense_leafless,0.0,dense_leafless,0.0,dense_leafless,0.0,dense_leafless,0.0
134,dense_leafless,dense_leafless,,dense_leafless,0.0,dense_leafless,0.0,dense_leafless,0.0,dense_leafless,0.0,dense_leafless,0.0,dense_leafless,0.0
135,dense_leafless,dense_leafless,,dense_leafless,0.0,dense_leafless,0.0,dense_leafless,0.0,dense_leafless,0.0,dense_leafless,6e-06,dense_leafless,0.0
136,dense_leafless,dense_leafless,,dense_leafless,2.4e-05,dense_leafless,0.003658,dense_leafless,0.001933,dense_leafless,0.003159,dense_leafless,0.0086,dense_leafless,0.001942
137,dense_leafless,dense_leafless,,dense_leafless,0.0,dense_leafless,0.0,dense_leafless,2e-06,dense_leafless,1.9e-05,dense_leafless,9e-06,dense_leafless,3.5e-05
138,dense_leafless,dense_leafless,,dense_leafless,0.0,dense_leafless,0.0,dense_leafless,0.0,dense_leafless,1e-06,dense_leafless,0.0,dense_leafless,3e-06
139,dense_leafless,dense_leafless,,dense_leafless,0.0,dense_leafless,0.0,dense_leafless,0.0,dense_leafless,0.0,dense_leafless,1e-06,dense_leafless,1e-06
140,dense_leafless,dense_leafless,,dense_leafless,0.0,dense_leafless,0.0,dense_leafless,0.0,dense_leafless,0.0,dense_leafless,0.0,dense_leafless,0.0
141,dense_leafless,dense_leafless,,dense_leafless,0.000177,dense_leafless,0.000322,dense_leafless,0.000273,dense_leafless,0.001074,dense_leafless,0.000744,dense_leafless,0.006803
142,dense_leafless,dense_leafless,,dense_leafless,0.0,dense_leafless,0.0,dense_leafless,0.0,dense_leafless,0.0,dense_leafless,0.0,dense_leafless,0.0
143,dense_leafless,dense_leafless,,dense_leafless,0.0,dense_leafless,0.0,dense_leafless,0.0,dense_leafless,0.0,dense_leafless,0.0,dense_leafless,0.0
144,dense_snow,dense_snow,,sparse_snow,0.126621,dense_snow,0.024151,sparse_snow,0.219773,dense_snow,0.400204,sparse_snow,0.333165,sparse_snow,0.197686
145,dense_snow,dense_snow,,dense_snow,1e-05,dense_snow,4.2e-05,dense_snow,3.3e-05,dense_snow,0.000265,dense_snow,5.3e-05,dense_snow,0.000106
146,dense_snow,dense_snow,,dense_snow,0.0,dense_snow,0.0,dense_snow,0.0,dense_snow,0.0,dense_snow,0.0,dense_snow,0.0
147,dense_snow,dense_snow,,dense_snow,0.0,dense_snow,0.0,dense_snow,0.0,dense_snow,0.0,dense_snow,0.0,dense_snow,0.0
148,dense_snow,dense_snow,,dense_snow,0.0,dense_snow,0.0,dense_snow,0.0,dense_snow,0.0,dense_snow,0.0,dense_snow,0.0
149,dense_snow,dense_snow,,dense_snow,0.0,dense_snow,0.0,dense_snow,0.0,dense_snow,1e-06,dense_snow,1e-06,dense_snow,2e-06
150,dense_snow,dense_snow,,dense_snow,0.0,dense_snow,0.0,dense_snow,0.0,dense_snow,0.0,dense_snow,0.0,dense_snow,0.0
151,dense_snow,dense_snow,,dense_snow,0.0,dense_snow,0.0,dense_snow,0.0,dense_snow,0.0,dense_snow,0.0,dense_snow,0.0
152,dense_snow,dense_snow,,dense_snow,1e-06,dense_snow,1e-06,dense_snow,2.8e-05,dense_snow,1e-06,dense_snow,3.7e-05,dense_snow,8.4e-05
153,open,open,,open,2e-06,open,0.0,open,5.4e-05,open,0.001132,open,0.000524,open,0.000205
154,open,open,,open,7.4e-05,open,3.4e-05,open,0.000518,open,0.001256,open,0.004429,open,0.002725
155,open,open,,open,0.0,open,0.0,open,0.0,open,0.0,open,0.0,open,0.0
156,open,open,,open,0.0,open,0.0,open,0.0,open,0.0,open,0.0,open,0.0
157,open,open,,open,0.0,open,0.0,open,0.0,open,0.0,open,0.0,open,0.0
158,open,open,,open,0.00878,open,0.058216,open,0.057222,open,0.213133,open,0.294674,open,0.128031
159,open,open,,open,0.0,open,0.0,open,0.0,open,0.0,open,0.0,open,0.0
160,open,open,,open,0.0,open,0.0,open,0.0,open,0.0,open,0.0,open,0.0
161,open,open,,open,0.0,open,0.0,open,0.0,open,0.0,open,0.0,open,0.0
162,open,open,,open,0.0,open,0.0,open,0.0,open,0.0,open,0.0,open,0.0
163,open,open,,open,0.0,open,0.0,open,0.0,open,0.0,open,0.0,open,0.0
164,open,open,,open,0.0,open,0.0,open,0.0,open,0.0,open,0.0,open,0.0
165,open,open,,open,0.0,open,0.0,open,0.0,open,0.0,open,0.0,open,0.0
166,open,open,,open,0.0,open,0.0,open,0.0,open,0.0,open,0.0,open,0.0
167,open,open,,open,0.0,open,0.0,open,0.0,open,0.0,open,0.0,open,0.0
168,open,open,,open,0.005263,open,0.003267,open,0.1898,open,0.044315,open,0.218641,open,0.210226
169,open,open,,open,1e-06,open,1e-06,open,1.8e-05,open,5e-06,open,6e-06,open,1.8e-05
170,open,open,,open,0.000177,open,5.6e-05,open,0.001074,open,0.00305,open,0.000295,open,0.003781
171,open,open,,open,0.0,open,0.0,open,0.0,open,0.0,open,0.0,open,0.0
172,open,open,,open,0.0,open,0.0,open,0.0,open,0.0,open,0.0,open,0.0
173,open,open,,open,0.0,open,0.0,open,0.0,open,0.0,open,0.0,open,0.0
174,open,open,,open,0.0,open,0.0,open,0.0,open,0.0,open,0.0,open,0.0
175,open,open,,open,0.0,open,0.0,open,0.0,open,0.0,open,0.0,open,0.0
176,open,open,,open,0.0,open,0.0,open,0.0,open,0.0,open,0.0,open,0.0
177,open,open,,open,0.0,open,0.0,open,0.0,open,0.0,open,0.0,open,0.0
178,open,open,,open,0.0,open,0.0,open,0.0,open,0.0,open,0.0,open,0.0
179,open,open,,open,0.0,open,0.0,open,0.0,open,0.0,open,0.0,open,0.0
180,open,open,,open,0.0,open,0.0,open,0.0,open,0.0,open,0.0,open,0.0
181,open,open,,open,0.0,open,0.0,open,0.0,open,0.0,open,0.0,open,0.0
182,open,open,,open,0.0,open,0.0,open,0.0,open,0.0,open,0.0,open,0.0
183,open,open,,open,0.0,open,0.0,open,0.0,open,0.0,open,0.0,open,0.0
184,open,sparse,,sparse,0.012238,sparse,0.000824,sparse,0.020787,sparse,0.009525,sparse,0.032882,sparse,0.033848
185,open,open,,open,0.0,open,1e-06,open,0.0,open,1.7e-05,open,1.3e-05,open,1.9e-05
186,open,open,,open,0.001461,open,0.011293,open,0.018036,open,0.011521,open,0.037077,open,0.013497
187,open,open,,open,5e-06,open,0.000212,open,0.004178,open,0.010858,open,0.058318,open,0.011782
188,open,open,,open,0.376994,sparse,0.064586,open,0.072194,open,0.111125,open,0.266401,open,0.1368
189,open,open,,open,0.0,open,0.0,open,0.0,open,0.0,open,0.0,open,0.0
190,open,open,,open,0.0,open,0.0,open,0.0,open,0.0,open,0.0,open,0.0
191,open,open,,open,0.0,open,0.0,open,0.0,open,0.0,open,0.0,open,0.0
192,open,open,,open,0.0,open,0.0,open,0.0,open,0.0,open,0.0,open,0.0
193,open,open,,open,0.0,open,0.0,open,0.0,open,0.0,open,0.0,open,0.0
194,open,open,,open,0.0,open,0.0,open,0.0,open,0.0,open,0.0,open,0.0
195,open,open,,open,0.0,open,0.0,open,0.0,open,0.0,open,0.0,open,0.0
196,open,open,,open,0.0,open,0.0,open,0.0,open,0.0,open,0.0,open,0.0
197,open,open,,open,0.0,open,0.0,open,0.0,open,0.0,open,0.0,open,0.0
198,open,open,,open,0.0,open,0.0,open,0.0,open,0.0,open,0.0,open,0.0
199,open,open,,open,0.0,open,0.0,open,0.0,open,0.0,open,0.0,open,0.0
200,open,open,,open,0.0,open,0.0,open,0.0,open,0.0,open,0.0,open,0.0
201,open,open,,open,0.0,open,0.0,open,0.0,open,1e-06,open,0.0,open,0.0
202,open,open,,open,0.0,open,0.0,open,0.0,open,0.0,open,0.0,open,0.0
203,open,open,,open,0.0,open,0.0,open,0.0,open,0.0,open,0.0,open,0.0
204,open,open,,open,0.0,open,0.0,open,0.0,open,0.0,open,0.0,open,0.0
205,open,open,,open,0.0,open,7e-06,open,0.0,open,2e-06,open,1e-06,open,1e-06
206,open,open,,open,0.0,open,0.0,open,0.0,open,0.0,open,0.0,open,0.0
207,open,open,,open,0.0,open,0.0,open,0.0,open,0.0,open,0.0,open,0.0
208,open,open,,open,0.0,open,0.0,open,0.0,open,1e-06,open,1e-05,open,0.0
209,open,open,,open,0.0,open,0.0,open,0.0,open,0.0,open,0.0,open,0.0
210,open,open,,open,0.0,open,0.0,open,0.0,open,0.0,open,0.0,open,0.0
211,open,open,,open,0.0,open,0.0,open,0.0,open,0.0,open,0.0,open,0.0
212,open,sparse,,open,0.000341,open,0.002283,open,0.002321,open,0.123467,open,0.187778,open,0.108366
213,open,open,,open,0.0,open,0.0,open,0.0,open,0.0,open,0.0,open,0.0
214,open,open,,open,0.0,open,0.0,open,0.0,open,0.0,open,0.0,open,0.0
215,open,open,,open,0.0,open,0.0,open,0.0,open,0.0,open,0.0,open,0.0
216,open,open,,open,0.0,open,2e-06,open,7e-06,open,1.4e-05,open,8e-06,open,7e-05
217,open,open,,open,0.001296,open,7.8e-05,open,6.4e-05,open,0.000335,open,0.003931,open,0.000233
218,open,open,,open,1e-06,open,1e-05,open,7e-06,open,1e-05,open,1e-05,open,1.5e-05
219,open,open,,open,2.8e-05,open,1e-06,open,1e-06,open,0.000255,open,0.000353,open,0.00118
220,open,open,,open,0.0,open,0.0,open,1e-06,open,1.6e-05,open,0.0,open,1.5e-05
221,open,sparse,,sparse,3e-06,sparse,1e-05,sparse,3.1e-05,sparse,0.001305,sparse,0.00015,sparse,0.000231
222,open,sparse,,sparse,3.2e-05,sparse,1e-06,sparse,0.0,sparse,4.8e-05,sparse,1.3e-05,sparse,2e-06
223,open,open,,open,0.0,open,0.0,open,0.0,open,0.0,open,1e-06,open,1e-06
224,open,open,,open,0.0,open,0.0,open,0.0,open,0.0,open,0.0,open,0.0
225,open,open,,open,0.0,open,0.0,open,0.0,open,0.0,open,0.0,open,0.0
226,open,sparse,,sparse,4.3e-05,sparse,7e-06,sparse,7e-06,sparse,4.2e-05,sparse,0.000204,sparse,5e-05
227,open,open,,open,0.0,open,0.0,open,0.0,open,0.0,open,0.0,open,0.0
228,open,sparse,,sparse,4e-06,sparse,1.9e-05,sparse,9e-06,sparse,5.2e-05,sparse,2.1e-05,sparse,5.7e-05
229,open,open,,open,0.0,open,0.0,open,0.0,open,0.0,open,0.0,open,0.0
230,open,open,,sparse,0.056653,sparse,0.750067,sparse,0.033247,sparse,0.121433,sparse,0.248445,sparse,0.149235
231,open,open,,open,0.0,open,0.0,open,1e-06,open,5e-06,open,4e-06,open,1e-06
232,open,open,,open,0.0,open,0.0,open,0.0,open,0.0,open,0.0,open,0.0
233,open,open,,open,0.0,open,0.0,open,0.0,open,0.0,open,0.0,open,0.0
234,open,open,,open,0.0,open,0.0,open,2e-06,open,0.0,open,0.0,open,2.7e-05
235,open,open,,open,0.0,open,0.0,open,0.0,open,0.0,open,0.0,open,0.0
236,open,open,,open,0.0,open,0.0,open,0.0,open,0.0,open,0.0,open,0.0
237,open,open,,open,0.0,open,0.0,open,0.0,open,0.0,open,2e-06,open,0.0
238,open,open,,open,0.000125,open,5.4e-05,open,0.004381,open,0.001107,open,8.4e-05,open,0.004676
239,open,open,,open,0.003477,open,0.025031,open,0.026412,open,0.0131,open,0.05745,open,0.068913
240,open,sparse,,sparse,0.017561,sparse,0.490564,open,0.387002,sparse,0.196966,sparse,0.334321,sparse,0.190455
241,open,open,,open,0.0,open,0.0,open,0.0,open,0.0,open,0.0,open,0.0
242,open,open,,open,0.0,open,0.0,open,0.0,open,0.0,open,0.0,open,0.0
243,open,sparse,,sparse,0.0,sparse,0.0,sparse,0.0,sparse,0.0,sparse,0.0,sparse,0.0
244,open,open,,open,0.0,open,0.0,open,0.0,open,0.0,open,0.0,open,0.0
245,open,open,,open,0.0,open,0.0,open,0.0,open,0.0,open,0.0,open,0.0
246,open,open,,open,0.0,open,0.0,open,0.0,open,0.0,open,0.0,open,0.0
247,open,open,,open,0.0,open,0.0,open,0.0,open,0.0,open,0.0,open,0.0
248,open,open,,open,0.0,open,0.0,open,0.0,open,0.0,open,0.0,open,0.0
249,open,open,,open,0.0,open,0.0,open,0.0,open,3e-05,open,0.0,open,1e-06
250,open,open,,open,1e-06,open,1e-06,open,0.0,open,3e-06,open,3e-06,open,2e-06
251,open,open,,open,0.0,open,9e-06,open,4.1e-05,open,6e-05,open,0.000654,open,5.8e-05
252,open,open,,open,0.0,open,0.0,open,0.0,open,0.0,open,0.0,open,0.0
253,open,open,,open,0.0,open,0.0,open,0.0,open,0.0,open,0.0,open,0.0
254,open,open,,open,0.0,open,0.0,open,0.0,open,0.0,open,0.0,open,0.0
255,open,open,,open,0.0,open,0.0,open,0.0,open,0.0,open,0.0,open,0.0
256,open,open,,open,0.0,open,0.0,open,0.0,open,0.0,open,0.0,open,0.0
257,open,open,,open,0.0,open,0.0,open,0.0,open,0.0,open,0.0,open,0.0
258,open,open,,open,0.000857,open,8e-05,open,0.001027,open,0.001965,open,0.00219,open,0.003626
259,open,open,,open,0.0,open,0.0,open,2e-06,open,0.0,open,0.0,open,0.0
260,open,open,,open,0.0,open,0.0,open,0.0,open,0.0,open,0.0,open,0.0
261,open,open,,open,0.0,open,0.0,open,0.0,open,0.0,open,0.0,open,0.0
262,open,open,,open,0.0,open,0.0,open,0.0,open,0.0,open,0.0,open,0.0
263,open,open,,open,0.0,open,0.0,open,0.0,open,0.0,open,0.0,open,0.0
264,open,open,,open,0.0,open,0.0,open,0.0,open,0.0,open,0.0,open,0.0
265,open,open,,open,0.0,open,1e-06,open,1e-06,open,3e-06,open,9e-06,open,2e-06
266,open,open,,open,0.0,open,0.0,open,0.0,open,0.0,open,0.0,open,0.0
267,open,open,,open,0.0,open,0.0,open,0.0,open,0.0,open,0.0,open,0.0
268,open,open,,open,0.0,open,0.0,open,0.0,open,0.0,open,0.0,open,0.0
269,open,open,,open,0.0,open,0.0,open,0.0,open,0.0,open,0.0,open,0.0
270,open,open,,open,0.0,open,0.0,open,1e-05,open,5e-06,open,6e-06,open,3e-06
271,open,open,,open,0.0,open,0.0,open,0.0,open,0.0,open,0.0,open,0.0
272,open,open,,open,0.0,open,0.0,open,0.0,open,0.0,open,0.0,open,0.0
273,open,open,,open,0.0,open,0.0,open,0.0,open,0.0,open,0.0,open,0.0
274,open,open,,open,0.0,open,0.0,open,0.0,open,0.0,open,0.0,open,0.0
275,open,open,,open,0.0,open,0.0,open,0.0,open,0.0,open,0.0,open,0.0
276,open,sparse,,sparse,0.048538,sparse,0.005001,sparse,0.036367,sparse,0.023411,sparse,0.077167,sparse,0.029941
277,open,open,,open,0.0,open,0.0,open,0.0,open,0.0,open,0.0,open,0.0
278,open,sparse,,sparse,1e-06,sparse,4.2e-05,sparse,0.000438,sparse,0.008067,sparse,0.000489,sparse,0.003143
279,open,open,,open,0.0,open,0.0,open,0.0,open,0.0,open,0.0,open,0.0
280,open,open,,open,2e-06,open,0.042468,open,0.001478,open,0.018959,open,0.026921,open,0.010683
281,open,open,,open,0.000159,open,0.023921,open,0.009568,open,0.019832,open,0.002764,open,0.012952
282,open,open,,open,1e-06,open,1.9e-05,open,3e-06,open,2.3e-05,open,5.7e-05,open,0.000118
283,open,open,,open,0.0,open,0.0,open,6e-06,open,0.0,open,0.0,open,0.0
284,open,open,,open,0.0,open,1e-06,open,0.0,open,1e-06,open,3e-06,open,1e-06
285,open,open,,open,0.0,open,0.0,open,0.0,open,0.0,open,0.0,open,0.0
286,open,open,,open,0.0,open,0.0,open,0.0,open,0.0,open,0.0,open,0.0
287,open,open,,open,0.0,open,0.0,open,0.0,open,0.0,open,0.0,open,0.0
288,open,open,,open,0.0,open,0.0,open,0.0,open,0.0,open,0.0,open,0.0
289,open,open,,open,0.0,open,0.0,open,0.0,open,0.0,open,0.0,open,0.0
290,open,open,,open,0.0,open,0.0,open,0.0,open,0.0,open,0.0,open,0.0
291,open,open,,open,0.0,open,0.0,open,0.0,open,0.0,open,0.0,open,0.0
292,open,open,,open,0.0,open,0.0,open,0.0,open,0.0,open,0.0,open,0.0
293,open,open,,open,0.0,open,0.0,open,0.0,open,0.0,open,0.0,open,0.0
294,open,open,,open,0.0,open,0.0,open,0.0,open,0.0,open,0.0,open,0.0
295,open,open,,open,0.0,open,0.0,open,0.0,open,0.0,open,0.0,open,0.0
296,open,open,,open,0.0,open,0.0,open,0.0,open,0.0,open,0.0,open,0.0
297,open,open,,open,0.0,open,0.0,open,0.0,open,0.0,open,0.0,open,0.0
298,open,open,,open,0.0,open,0.0,open,0.0,open,0.0,open,0.0,open,0.0
299,open,open,,open,0.0,open,0.0,open,0.0,open,0.0,open,0.0,open,0.0
300,open,open,,open,0.0,open,0.0,open,0.0,open,0.0,open,0.0,open,0.0
301,open,open,,open,0.0,open,0.0,open,0.0,open,0.0,open,0.0,open,0.0
302,open,open,,open,0.0,open,0.0,open,0.0,open,7e-06,open,0.0,open,0.0
303,open,open,,open,0.0,open,0.0,open,4e-06,open,4e-06,open,4e-06,open,4e-06
304,open,open,,open,0.0,open,0.0,open,0.0,open,0.0,open,0.0,open,0.0
305,open,open,,open,0.0,open,0.0,open,0.0,open,0.0,open,0.0,open,0.0
306,open,open,,open,0.0,open,0.0,open,0.0,open,0.0,open,0.0,open,0.0
307,open,open,,open,0.0,open,0.0,open,0.0,open,0.0,open,0.0,open,0.0
308,open,open,,open,0.0,open,0.0,open,0.0,open,0.0,open,0.0,open,0.0
309,open,open,,open,0.0,open,0.0,open,0.0,open,0.0,open,0.0,open,0.0
310,open,open,,open,0.0,open,0.0,open,0.0,open,0.0,open,0.0,open,0.0
311,open,open,,open,0.0,open,0.0,open,0.0,open,0.0,open,0.0,open,0.0
312,open,open,,open,0.0,open,0.0,open,0.0,open,0.0,open,0.0,open,0.0
313,open,open,,open,0.0,open,4e-06,open,0.0,open,3e-06,open,3e-05,open,1e-06
314,open,open,,open,0.0,open,5e-05,open,2.4e-05,open,0.0,open,0.0,open,1e-06
315,open,open,,open,0.0,open,0.0,open,0.0,open,0.0,open,0.0,open,0.0
316,open,open,,open,0.0,open,0.0,open,0.0,open,0.0,open,0.0,open,0.0
317,open,open,,open,0.0,open,0.0,open,0.0,open,0.0,open,0.0,open,0.0
318,open,open,,open,0.0,open,0.0,open,0.0,open,0.0,open,0.0,open,0.0
319,open,open,,open,0.0,open,0.0,open,0.0,open,0.0,open,0.0,open,0.0
320,open,open,,open,0.0,open,0.0,open,0.0,open,0.0,open,0.0,open,0.0
321,open,open,,open,0.0,open,0.0,open,0.0,open,0.0,open,0.0,open,0.0
322,open,open,,open,0.0,open,1e-06,open,1e-06,open,0.000178,open,7e-06,open,7.7e-05
323,open,open,,open,0.0,open,0.0,open,0.0,open,0.0,open,0.0,open,0.0
324,open,open,,open,0.0,open,0.0,open,0.0,open,0.0,open,0.0,open,0.0
325,open,open,,open,0.0,open,0.0,open,0.0,open,0.0,open,0.0,open,0.0
326,open,open,,open,0.0,open,0.0,open,0.0,open,0.0,open,0.0,open,0.0
327,open,open,,open,0.0,open,0.0,open,0.0,open,0.0,open,0.0,open,0.0
328,open,open,,open,0.0,open,0.0,open,0.0,open,0.0,open,0.0,open,0.0
329,open,open,,open,0.0,open,0.0,open,0.0,open,0.0,open,0.0,open,0.0
330,open,open,,sparse,0.011952,open,0.15743,sparse,0.389573,open,0.179041,open,0.359501,open,0.21726
331,open,open,,open,0.043989,open,0.00451,open,0.013406,open,0.050536,open,0.105341,open,0.18096
332,open,open,,open,0.000307,open,9.1e-05,open,0.000927,open,0.000138,open,0.01302,open,0.026841
333,open,open,,open,0.0,open,0.0,open,0.0,open,0.0,open,0.0,open,0.0
334,open,open,,open,0.002251,open,0.001702,open,0.006779,open,0.030822,open,0.015038,open,0.066073
335,open,open,,open,0.072875,open,0.000666,open,0.05787,open,0.059167,open,0.059737,open,0.035233
336,open,open,,open,0.0,open,0.0,open,0.0,open,0.0,open,0.0,open,0.0
337,open,open,,open,0.0,open,0.0,open,0.0,open,0.0,open,0.0,open,0.0
338,open,open,,open,0.0,open,0.0,open,0.0,open,0.0,open,0.0,open,0.0
339,open,open,,open,0.0,open,5e-06,open,0.0,open,0.0,open,8e-06,open,0.0
340,open,open,,open,0.0,open,0.0,open,0.0,open,0.0,open,0.0,open,0.0
341,open,open,,open,5.7e-05,open,0.001013,open,0.001841,open,0.010763,open,0.002407,open,0.002278
342,open,open_leafless,,open_leafless,0.0,open_leafless,0.0,open_leafless,2e-06,open_leafless,5e-06,open_leafless,2e-06,open_leafless,2e-06
343,open,open,,open,0.0,open,0.0,open,0.0,open,0.0,open,4e-06,open,0.00012
344,open,open_leafless,,open_leafless,0.01082,open_leafless,4.8e-05,open_leafless,3.5e-05,open_leafless,2e-06,open_leafless,0.000648,open_leafless,0.000249
345,open,open_leafless,,open_leafless,3e-06,open_leafless,0.0,open_leafless,7e-06,open_leafless,1e-06,open_leafless,0.0,open_leafless,1e-06
346,open,open,,open,0.0,open,1e-06,open,0.0,open,0.0,open,1e-06,open,0.0
347,open,open,,open,0.000106,open,0.0,open,0.0,open,3e-06,open,1e-06,open,0.0
348,open,open,,open,0.0,open,0.0,open,0.0,open,0.0,open,0.0,open,0.0
349,open,open,,open,0.0,open,1e-06,open,1.9e-05,open,0.000159,open,3.1e-05,open,0.000699
350,open,open,,open,0.001629,open,1e-06,open,7e-06,open,0.000118,open,0.000244,open,0.003995
351,open,sparse,,sparse,0.002145,sparse,0.001056,sparse,0.000363,sparse,0.001337,sparse,0.000173,sparse,0.002748
352,open,sparse,,sparse,0.0,sparse,8e-06,sparse,5.5e-05,sparse,0.000571,sparse,1e-05,sparse,2.4e-05
353,open,open_leafless,,open_leafless,0.023567,open_leafless,0.001361,open_leafless,0.256682,open_leafless,0.277154,open_leafless,0.183329,open_leafless,0.066647
354,open,open_leafless,,open_leafless,0.0,open_leafless,5.4e-05,open_leafless,0.002283,open_leafless,0.000154,open_leafless,0.001207,open_leafless,6.5e-05
355,open,open,,open,0.0,open,0.0,open,1.5e-05,open,0.000441,open,1.2e-05,open,9e-06
356,open,open,,open,0.020592,open,0.000279,open,0.074207,open,0.0365,open,0.028014,open,0.097938
357,open,open,,open,1e-06,open,4e-06,open,0.0,open,1e-06,open,4e-06,open,1e-06
358,open,open,,open,0.1212,open,0.003251,open,0.165871,open,0.261346,open,0.240658,open,0.120946
359,open,open,,open,0.017151,open,0.001654,open,0.004045,open,0.072985,open,0.088704,open,0.011382
360,open,sparse,,sparse,0.0,sparse,0.0,sparse,0.0,sparse,0.0,sparse,0.0,sparse,0.0
361,open,open,,open,0.034551,open,0.132545,open,0.1596,sparse,0.280384,open,0.224945,open,0.269706
362,open,open,,open,0.0,open,0.0,open,0.0,open,0.0,open,0.0,open,0.0
363,open,open,,open,0.0,open,0.0,open,0.0,open,0.0,open,0.0,open,0.0
364,open,open,,open,0.0,open,0.0,open,0.0,open,0.0,open,0.0,open,0.0
365,open,open,,open,0.0,open,0.0,open,0.0,open,0.0,open,0.0,open,0.0
366,open,open,,open,0.0,open,0.0,open,0.0,open,0.0,open,0.0,open,0.0
367,open,open,,open,6.1e-05,open,0.000137,open,5e-06,open,1.5e-05,open,0.006707,open,0.000624
368,open,open,,sparse,0.449369,open,0.169494,open,0.157347,open,0.347194,open,0.322317,open,0.321177
369,open,open,,open,0.0,open,0.0,open,0.0,open,0.0,open,0.0,open,0.0
370,open,open,,open,0.0,open,0.0,open,0.0,open,0.0,open,0.0,open,0.0
371,open,open,,open,0.0,open,2e-06,open,3.6e-05,open,2e-06,open,0.000576,open,1e-06
372,open,open,,open,0.0,open,0.0,open,0.0,open,0.0,open,0.0,open,3e-06
373,open,open,,open,0.0,open,0.0,open,0.0,open,0.0,open,0.0,open,0.0
374,open,open,,open,0.0,open,0.0,open,0.0,open,0.0,open,0.0,open,0.0
375,open,open,,open,0.0,open,0.0,open,0.0,open,0.0,open,0.0,open,5e-06
376,open,open,,open,0.0,open,1e-06,open,0.0,open,0.0,open,0.0,open,1e-06
377,open,open,,open,0.0,open,0.0,open,0.0,open,0.0,open,0.0,open,0.0
378,open,sparse,,sparse,0.000677,sparse,4.3e-05,sparse,0.006169,sparse,0.001801,sparse,0.08066,sparse,0.002877
379,open,open,,open,0.0,open,1e-06,open,0.0,open,0.0,open,0.0,open,2e-06
380,open,sparse,,sparse,1.1e-05,sparse,0.0,sparse,0.0,sparse,3e-06,sparse,0.000174,sparse,2e-06
381,open,open,,open,2e-06,open,0.0,open,0.0,open,0.0,open,0.0,open,0.0
382,open,open,,open,0.0,open,0.0,open,0.0,open,0.0,open,0.0,open,0.0
383,open,open,,open,0.0,open,0.0,open,0.0,open,0.0,open,0.0,open,0.0
384,open,open,,open,0.0,open,1e-06,open,0.0,open,1e-06,open,0.0,open,0.0
385,open,open,,open,0.0,open,0.0,open,0.0,open,0.0,open,0.0,open,0.0
386,open,open,,open,0.0,open,0.0,open,0.0,open,0.0,open,0.0,open,0.0
387,open,open,,open,0.527976,open,0.102668,open,0.194877,open,0.095296,open,0.172303,open,0.137727
388,open,open,,open,0.0,open,8e-06,open,0.0,open,0.0,open,1e-06,open,2.5e-05
389,open,open,,open,0.0,open,0.0,open,0.0,open,0.0,open,0.0,open,0.0
390,open,open,,open,0.0,open,0.0,open,0.0,open,0.0,open,0.0,open,0.0
391,open,open,,open,0.0,open,0.0,open,0.0,open,0.0,open,0.0,open,0.0
392,open,open,,open,0.0,open,0.0,open,0.0,open,0.0,open,0.0,open,0.0
393,open,open,,open,0.0,open,0.0,open,0.0,open,0.0,open,0.0,open,0.0
394,open,open,,open,0.0,open,0.0,open,0.0,open,0.0,open,0.0,open,0.0
395,open,open,,open,6.2e-05,open,0.003587,open,0.023665,open,0.030981,open,0.013635,open,0.031203
396,open,open,,open,0.0,open,0.0,open,0.0,open,0.0,open,0.0,open,0.0
397,open,open,,open,0.0,open,0.0,open,0.0,open,0.0,open,0.0,open,0.0
398,open,open,,open,0.0,open,0.0,open,0.0,open,0.0,open,0.0,open,0.0
399,open,open,,open,0.0,open,0.0,open,0.0,open,0.0,open,0.0,open,0.0
400,open,open,,open,0.0,open,0.0,open,0.0,open,0.0,open,0.0,open,0.0
401,open,open,,open,0.0,open,0.0,open,0.0,open,0.0,open,0.0,open,0.0
402,open,open,,open,0.0,open,0.0,open,0.0,open,0.0,open,0.0,open,0.0
403,open,open,,open,0.0,open,0.0,open,0.0,open,0.0,open,0.0,open,0.0
404,open,open,,open,0.0,open,0.0,open,0.0,open,0.0,open,0.0,open,0.0
405,open,open,,open,0.0,open,0.0,open,0.0,open,0.0,open,0.0,open,0.0
406,open,open,,open,0.0,open,0.0,open,8e-06,open,0.0,open,1e-06,open,0.0
407,open,open,,open,0.0,open,0.0,open,0.0,open,0.0,open,0.0,open,0.0
408,open,sparse,,sparse,9.3e-05,sparse,4.2e-05,sparse,0.002086,sparse,0.000454,sparse,0.010163,sparse,0.001598
409,open,open,,open,0.0,open,0.0,open,0.0,open,0.0,open,0.0,open,0.0
410,open,open,,open,0.0,open,0.0,open,0.0,open,0.0,open,0.0,open,0.0
411,open,open,,open,0.0,open,0.0,open,0.0,open,0.0,open,0.0,open,0.0
412,open,open,,open,0.0,open,0.0,open,0.0,open,0.0,open,0.0,open,0.0
413,open,open,,open,0.0,open,0.0,open,0.0,open,0.0,open,0.0,open,0.0
414,open,open,,open,0.0,open,0.0,open,0.0,open,0.0,open,0.0,open,0.0
415,open,open,,open,0.000167,open,0.021256,open,0.23188,open,0.109621,open,0.199868,open,0.068032
416,open,sparse,,sparse,8e-06,sparse,1e-06,sparse,0.000319,sparse,4.6e-05,sparse,3.3e-05,sparse,0.000311
417,open_leafless,open_leafless,,open_leafless,0.0,open_leafless,0.0,open_leafless,0.0,open_leafless,0.0,open_leafless,0.0,open_leafless,0.0
418,open_leafless,open_leafless,,open_leafless,0.0,open_leafless,0.0,open_leafless,0.0,open_leafless,0.0,open_leafless,0.0,open_leafless,0.0
419,open_leafless,open_leafless,,open_leafless,0.0,open_leafless,0.0,open_leafless,0.0,open_leafless,0.0,open_leafless,0.0,open_leafless,0.0
420,open_leafless,open_leafless,,open_leafless,0.0,open_leafless,0.0,open_leafless,0.0,open_leafless,0.0,open_leafless,0.0,open_leafless,0.0
421,open_leafless,open_leafless,,open_leafless,0.0,open_leafless,0.0,open_leafless,0.0,open_leafless,1e-06,open_leafless,0.0,open_leafless,0.0
422,open_leafless,open_leafless,,open_leafless,0.0,open_leafless,0.0,open_leafless,0.0,open_leafless,0.0,open_leafless,0.0,open_leafless,0.0
423,open_leafless,open_leafless,,open_leafless,0.0,open_leafless,0.0,open_leafless,0.0,open_leafless,0.0,open_leafless,0.0,open_leafless,0.0
424,open_leafless,open_leafless,,open_leafless,0.0,open_leafless,0.0,open_leafless,0.00124,open_leafless,0.000601,open_leafless,0.000669,open_leafless,2.8e-05
425,open_leafless,open_leafless,,open_leafless,0.0,open_leafless,0.0,open_leafless,0.0,open_leafless,0.0,open_leafless,0.0,open_leafless,0.0
426,open_leafless,open_leafless,,open_leafless,0.0,open_leafless,0.0,open_leafless,0.0,open_leafless,0.0,open_leafless,0.0,open_leafless,0.0
427,open_leafless,open_leafless,,open_leafless,0.0,open_leafless,0.0,open_leafless,0.0,open_leafless,0.0,open_leafless,0.0,open_leafless,0.0
428,open_leafless,open_leafless,,open_leafless,0.0,open_leafless,0.0,open_leafless,0.0,open_leafless,0.0,open_leafless,0.0,open_leafless,0.0
429,open_leafless,open_leafless,,open_leafless,0.0,open_leafless,0.0,open_leafless,0.0,open_leafless,0.0,open_leafless,0.0,open_leafless,0.0
430,open_leafless,open_leafless,,open_leafless,0.0,open_leafless,0.0,open_leafless,0.0,open_leafless,0.0,open_leafless,0.0,open_leafless,0.0
431,open_leafless,open_leafless,,open_leafless,0.0,open_leafless,0.0,open_leafless,0.0,open_leafless,0.0,open_leafless,0.0,open_leafless,0.0
432,open_leafless,open_leafless,,open_leafless,0.0,open_leafless,0.0,open_leafless,0.0,open_leafless,0.0,open_leafless,0.0,open_leafless,0.0
433,open_leafless,open_leafless,,open_leafless,0.0,open_leafless,0.0,open_leafless,0.0,open_leafless,0.0,open_leafless,0.0,open_leafless,0.0
434,open_leafless,open_leafless,,open_leafless,0.0,open_leafless,0.0,open_leafless,0.0,open_leafless,2e-06,open_leafless,0.0,open_leafless,1e-06
435,open_leafless,open_leafless,,open_leafless,0.0,open_leafless,0.0,open_leafless,0.0,open_leafless,0.0,open_leafless,0.0,open_leafless,0.0
436,open_leafless,open_leafless,,open_leafless,0.0,open_leafless,0.0,open_leafless,0.0,open_leafless,0.0,open_leafless,0.0,open_leafless,0.0
437,open_leafless,open_leafless,,open_leafless,0.0,open_leafless,0.0,open_leafless,0.0,open_leafless,0.0,open_leafless,0.0,open_leafless,0.0
438,open_leafless,open_leafless,,open_leafless,1e-06,open_leafless,0.0,open_leafless,1e-06,open_leafless,5e-06,open_leafless,5e-06,open_leafless,0.000113
439,open_leafless,open_leafless,,open_leafless,0.0,open_leafless,0.0,open_leafless,0.0,open_leafless,0.0,open_leafless,0.0,open_leafless,0.0
440,open_leafless,open_leafless,,open_leafless,0.0,open_leafless,0.0,open_leafless,0.0,open_leafless,0.0,open_leafless,0.0,open_leafless,0.0
441,open_leafless,sparse_leafless,,sparse_leafless,1e-06,sparse_leafless,0.0,sparse_leafless,0.0,sparse_leafless,4e-06,sparse_leafless,5e-06,sparse_leafless,4e-06
442,open_leafless,open_leafless,,open_leafless,0.0,open_leafless,0.0,open_leafless,0.0,open_leafless,0.0,open_leafless,0.0,open_leafless,0.0
443,open_leafless,open_leafless,,open_leafless,0.0,open_leafless,0.0,open_leafless,0.0,open_leafless,0.0,open_leafless,0.0,open_leafless,0.0
444,open_leafless,open_leafless,,open_leafless,3e-06,open_leafless,1e-06,open_leafless,3.8e-05,open_leafless,1.3e-05,open_leafless,9e-06,open_leafless,4.4e-05
445,open_leafless,open_leafless,,open_leafless,0.0,open_leafless,1e-06,open_leafless,1e-06,open_leafless,0.0,open_leafless,0.0,open_leafless,0.0
446,open_leafless,open_leafless,,open_leafless,0.0,open_leafless,0.0,open_leafless,1e-06,open_leafless,0.0,open_leafless,0.0,open_leafless,0.0
447,open_leafless,open_leafless,,open_leafless,0.0,open_leafless,0.0,open_leafless,0.0,open_leafless,0.0,open_leafless,0.0,open_leafless,0.0
448,open_leafless,open_leafless,,open_leafless,0.0,open_leafless,0.0,open_leafless,0.0,open_leafless,0.0,open_leafless,0.0,open_leafless,0.0
449,open_leafless,open_leafless,,open_leafless,0.0,open_leafless,0.0,open_leafless,0.0,open_leafless,0.0,open_leafless,0.0,open_leafless,0.0
450,open_leafless,open_leafless,,open_leafless,0.0,open_leafless,0.0,open_leafless,0.0,open_leafless,0.0,open_leafless,0.0,open_leafless,0.0
451,open_leafless,open_leafless,,open_leafless,0.028675,open_leafless,0.081082,open_leafless,0.03487,open_leafless,0.184374,open_leafless,0.142484,open_leafless,0.233106
452,open_leafless,open_leafless,,open_leafless,0.0,open_leafless,0.0,open_leafless,0.0,open_leafless,0.0,open_leafless,0.0,open_leafless,0.0
453,open_leafless,open_leafless,,sparse_leafless,5.4e-05,sparse_leafless,0.201412,open_leafless,0.288624,open_leafless,0.403579,open_leafless,0.156096,open_leafless,0.20199
454,open_leafless,open_leafless,,open_leafless,0.0,open_leafless,0.0,open_leafless,0.0,open_leafless,1e-06,open_leafless,0.0,open_leafless,0.0
455,open_leafless,open_leafless,,open_leafless,0.0,open_leafless,0.0,open_leafless,0.0,open_leafless,0.0,open_leafless,8e-06,open_leafless,0.0
456,open_leafless,open_leafless,,open_leafless,0.0,open_leafless,0.0,open_leafless,0.0,open_leafless,0.0,open_leafless,0.0,open_leafless,0.0
457,open_leafless,open_leafless,,open_leafless,0.0,open_leafless,0.0,open_leafless,0.0,open_leafless,0.0,open_leafless,0.0,open_leafless,0.0
458,open_leafless,open_leafless,,open_leafless,0.0,open_leafless,0.0,open_leafless,0.0,open_leafless,0.0,open_leafless,0.0,open_leafless,0.0
459,open_leafless,open_leafless,,open_leafless,0.000132,open_leafless,0.008299,open_leafless,0.001908,open_leafless,0.00161,open_leafless,0.001652,open_leafless,0.002039
460,open_leafless,open_leafless,,open_leafless,0.0,open_leafless,0.0,open_leafless,0.0,open_leafless,0.0,open_leafless,0.0,open_leafless,0.0
461,open_leafless,open_leafless,,open_leafless,0.0,open_leafless,0.0,open_leafless,0.0,open_leafless,0.0,open_leafless,0.0,open_leafless,1e-06
462,open_leafless,open_leafless,,open_leafless,0.031271,open_leafless,0.136718,open_leafless,0.021214,open_leafless,0.114817,open_leafless,0.08742,open_leafless,0.033851
463,open_leafless,open_leafless,,open_leafless,0.0,open_leafless,0.0,open_leafless,0.0,open_leafless,0.0,open_leafless,0.0,open_leafless,0.0
464,open_leafless,sparse_leafless,,sparse_leafless,0.003955,sparse_leafless,0.061401,sparse_leafless,0.09021,sparse_leafless,0.089147,sparse_leafless,0.292096,sparse_leafless,0.138049
465,open_leafless,open_leafless,,open_leafless,0.0,open_leafless,0.0,open_leafless,0.0,open_leafless,0.0,open_leafless,0.0,open_leafless,0.0
466,open_leafless,open_leafless,,open_leafless,5.4e-05,open_leafless,0.000214,open_leafless,8.9e-05,open_leafless,9.7e-05,open_leafless,0.000137,open_leafless,0.000949
467,open_leafless,open_leafless,,open_leafless,0.0,open_leafless,6e-06,open_leafless,0.0,open_leafless,0.0,open_leafless,2.2e-05,open_leafless,1e-06
468,open_leafless,open_leafless,,open_leafless,0.0,open_leafless,0.0,open_leafless,0.0,open_leafless,0.0,open_leafless,0.0,open_leafless,0.0
469,open_leafless,open_leafless,,open_leafless,0.0,open_leafless,0.0,open_leafless,0.0,open_leafless,0.0,open_leafless,0.0,open_leafless,0.0
470,open_leafless,open_leafless,,open_leafless,0.0,open_leafless,0.0,open_leafless,0.0,open_leafless,0.0,open_leafless,0.0,open_leafless,0.0
471,open_leafless,open_leafless,,open_leafless,0.0,open_leafless,0.0,open_leafless,0.0,open_leafless,0.0,open_leafless,0.0,open_leafless,0.0
472,open_leafless,open_leafless,,open_leafless,0.0,open_leafless,0.0,open_leafless,0.0,open_leafless,0.0,open_leafless,0.0,open_leafless,0.0
473,open_leafless,open_leafless,,open_leafless,0.0,open_leafless,6e-06,open_leafless,6e-06,open_leafless,1.3e-05,open_leafless,0.0,open_leafless,2e-06
474,open_leafless,open_leafless,,open_leafless,0.0,open_leafless,0.0,open_leafless,0.0,open_leafless,0.0,open_leafless,0.0,open_leafless,0.0
475,open_leafless,open_leafless,,open_leafless,0.0,open_leafless,0.0,open_leafless,0.0,open_leafless,0.0,open_leafless,0.0,open_leafless,0.0
476,open_leafless,open_leafless,,open_leafless,0.0,open_leafless,0.0,open_leafless,0.0,open_leafless,0.0,open_leafless,0.0,open_leafless,0.0
477,open_leafless,open_leafless,,open_leafless,0.0,open_leafless,0.0,open_leafless,0.0,open_leafless,0.0,open_leafless,0.0,open_leafless,0.0
478,open_leafless,open_leafless,,open_leafless,0.0,open_leafless,0.0,open_leafless,0.0,open_leafless,0.0,open_leafless,0.0,open_leafless,0.0
479,open_leafless,open_leafless,,open_leafless,0.0,open_leafless,0.0,open_leafless,0.0,open_leafless,0.0,open_leafless,0.0,open_leafless,0.0
480,open_leafless,open_leafless,,open_leafless,0.0,open_leafless,0.0,open_leafless,0.0,open_leafless,0.0,open_leafless,0.0,open_leafless,0.0
481,open_leafless,open_leafless,,open_leafless,0.0,open_leafless,0.0,open_leafless,0.0,open_leafless,0.0,open_leafless,0.0,open_leafless,0.0
482,open_leafless,open_leafless,,open_leafless,0.0,open_leafless,0.0,open_leafless,0.0,open_leafless,0.0,open_leafless,0.0,open_leafless,0.0
483,open_leafless,open_leafless,,open_leafless,0.0,open_leafless,0.0,open_leafless,0.0,open_leafless,0.0,open_leafless,0.0,open_leafless,0.0
484,open_leafless,open_leafless,,open_leafless,0.0,open_leafless,0.0,open_leafless,0.0,open_leafless,0.0,open_leafless,0.0,open_leafless,0.0
485,open_leafless,open_leafless,,open_leafless,0.0,open_leafless,0.0,open_leafless,0.0,open_leafless,0.0,open_leafless,0.0,open_leafless,0.0
486,open_leafless,open_leafless,,open_leafless,0.0,open_leafless,0.0,open_leafless,0.0,open_leafless,0.0,open_leafless,0.0,open_leafless,0.0
487,open_leafless,open_leafless,,open_leafless,0.0,open_leafless,0.0,open_leafless,0.0,open_leafless,0.0,open_leafless,0.0,open_leafless,0.0
488,open_leafless,open_leafless,,open_leafless,0.0,open_leafless,0.0,open_leafless,0.0,open_leafless,0.0,open_leafless,0.0,open_leafless,0.0
489,open_leafless,open_leafless,,open_leafless,0.0,open_leafless,0.0,open_leafless,0.0,open_leafless,0.0,open_leafless,0.0,open_leafless,0.0
490,open_leafless,open_leafless,,open_leafless,0.0,open_leafless,0.0,open_leafless,0.0,open_leafless,0.0,open_leafless,0.0,open_leafless,0.0
491,open_leafless,open_leafless,,open_leafless,0.0,open_leafless,0.0,open_leafless,0.0,open_leafless,0.0,open_leafless,0.0,open_leafless,0.0
492,open_leafless,open_leafless,,open_leafless,0.0,open_leafless,0.0,open_leafless,0.0,open_leafless,0.0,open_leafless,0.0,open_leafless,0.0
493,open_leafless,open_leafless,,open_leafless,0.0,open_leafless,0.0,open_leafless,0.0,open_leafless,0.0,open_leafless,0.0,open_leafless,0.0
494,open_leafless,open_leafless,,open_leafless,0.0,open_leafless,0.0,open_leafless,0.0,open_leafless,0.0,open_leafless,0.0,open_leafless,0.0
495,open_leafless,open_leafless,,open_leafless,0.0,open_leafless,1e-06,open_leafless,1e-06,open_leafless,4e-06,open_leafless,1e-06,open_leafless,3e-06
496,open_leafless,open_leafless,,open_leafless,0.0,open_leafless,0.0,open_leafless,0.0,open_leafless,0.0,open_leafless,0.0,open_leafless,0.0
497,open_leafless,open_leafless,,open_leafless,1e-06,open_leafless,0.0,open_leafless,0.0,open_leafless,2.2e-05,open_leafless,1e-06,open_leafless,2e-06
498,open_leafless,open_leafless,,open_leafless,0.0,open_leafless,0.0,open_leafless,0.0,open_leafless,0.0,open_leafless,0.0,open_leafless,0.0
499,open_leafless,open_leafless,,open_leafless,0.0,open_leafless,0.0,open_leafless,0.0,open_leafless,0.0,open_leafless,0.0,open_leafless,0.0
500,open_leafless,open_leafless,,open_leafless,0.0,open_leafless,0.0,open_leafless,0.0,open_leafless,0.0,open_leafless,0.0,open_leafless,0.0
501,open_leafless,open_leafless,,open_leafless,0.0,open_leafless,0.0,open_leafless,0.0,open_leafless,0.0,open_leafless,0.0,open_leafless,0.0
502,open_leafless,open_leafless,,open_leafless,0.0,open_leafless,0.0,open_leafless,0.0,open_leafless,0.0,open_leafless,0.0,open_leafless,0.0
503,open_leafless,open_leafless,,open_leafless,0.0,open_leafless,0.0,open_leafless,0.0,open_leafless,0.0,open_leafless,0.0,open_leafless,0.0
504,open_leafless,open_leafless,,open_leafless,0.0,open_leafless,0.0,open_leafless,0.0,open_leafless,0.0,open_leafless,0.0,open_leafless,0.0
505,open_leafless,open_leafless,,open_leafless,0.0,open_leafless,0.0,open_leafless,0.0,open_leafless,0.0,open_leafless,0.0,open_leafless,0.0
506,open_leafless,open_leafless,,open_leafless,0.0,open_leafless,0.0,open_leafless,0.0,open_leafless,0.0,open_leafless,0.0,open_leafless,0.0
507,open_leafless,open_leafless,,open_leafless,0.000882,open_leafless,0.037594,open_leafless,0.029966,open_leafless,0.00815,open_leafless,0.044735,open_leafless,0.026969
508,open_leafless,open_leafless,,open_leafless,0.0,open_leafless,0.0,open_leafless,0.0,open_leafless,0.0,open_leafless,0.0,open_leafless,0.0
509,open_leafless,open_leafless,,open_leafless,0.0,open_leafless,0.0,open_leafless,0.0,open_leafless,0.0,open_leafless,0.0,open_leafless,0.0
510,open_leafless,open_leafless,,open_leafless,0.0,open_leafless,0.0,open_leafless,0.0,open_leafless,0.0,open_leafless,0.0,open_leafless,0.0
511,open_leafless,open_leafless,,open_leafless,0.0,open_leafless,0.0,open_leafless,0.0,open_leafless,0.0,open_leafless,0.0,open_leafless,0.0
512,open_leafless,open_leafless,,open_leafless,0.0,open_leafless,0.0,open_leafless,0.0,open_leafless,0.0,open_leafless,0.0,open_leafless,0.0
513,open_leafless,open_leafless,,open_leafless,0.0,open_leafless,0.0,open_leafless,0.0,open_leafless,0.0,open_leafless,0.0,open_leafless,0.0
514,open_leafless,open_leafless,,open_leafless,0.0,open_leafless,0.0,open_leafless,0.0,open_leafless,0.0,open_leafless,0.0,open_leafless,0.0
515,open_leafless,open_leafless,,open_leafless,0.0,open_leafless,0.0,open_leafless,0.0,open_leafless,0.0,open_leafless,0.0,open_leafless,0.0
516,open_leafless,open_leafless,,open_leafless,0.0,open_leafless,0.0,open_leafless,0.0,open_leafless,0.0,open_leafless,0.0,open_leafless,0.0
517,open_leafless,open_leafless,,open_leafless,0.0,open_leafless,0.0,open_leafless,0.0,open_leafless,0.0,open_leafless,0.0,open_leafless,0.0
518,open_leafless,open_leafless,,open_leafless,0.0,open_leafless,0.0,open_leafless,0.0,open_leafless,0.0,open_leafless,0.0,open_leafless,0.0
519,open_leafless,open_leafless,,open_leafless,0.0,open_leafless,0.0,open_leafless,0.0,open_leafless,0.0,open_leafless,0.0,open_leafless,0.0
520,open_leafless,open_leafless,,open_leafless,0.0,open_leafless,0.0,open_leafless,0.0,open_leafless,0.0,open_leafless,0.0,open_leafless,0.0
521,open_leafless,open_leafless,,open_leafless,0.0,open_leafless,0.0,open_leafless,0.0,open_leafless,0.0,open_leafless,0.0,open_leafless,0.0
522,open_leafless,open_leafless,,open_leafless,0.0,open_leafless,0.0,open_leafless,0.0,open_leafless,0.0,open_leafless,0.0,open_leafless,0.0
523,open_leafless,open_leafless,,open_leafless,0.0,open_leafless,0.0,open_leafless,0.0,open_leafless,0.0,open_leafless,0.0,open_leafless,0.0
524,open_leafless,open_leafless,,open_leafless,0.0,open_leafless,0.0,open_leafless,0.0,open_leafless,0.0,open_leafless,0.0,open_leafless,0.0
525,open_leafless,open_leafless,,open_leafless,0.0,open_leafless,0.0,open_leafless,0.0,open_leafless,0.0,open_leafless,0.0,open_leafless,0.0
526,open_leafless,open_leafless,,open_leafless,0.0,open_leafless,0.0,open_leafless,0.0,open_leafless,0.0,open_leafless,0.0,open_leafless,0.0
527,open_leafless,open_leafless,,open_leafless,0.0,open_leafless,0.0,open_leafless,0.0,open_leafless,0.0,open_leafless,0.0,open_leafless,0.0
528,open_leafless,open_leafless,,open_leafless,5e-06,open_leafless,0.0,open_leafless,0.0,open_leafless,1e-06,open_leafless,1e-06,open_leafless,4e-06
529,open_leafless,open_leafless,,open_leafless,0.0,open_leafless,0.0,open_leafless,0.0,open_leafless,0.0,open_leafless,0.0,open_leafless,0.0
530,open_leafless,sparse_leafless,,sparse_leafless,0.001242,sparse_leafless,0.133446,sparse_leafless,0.286812,sparse_leafless,0.193182,sparse_leafless,0.192445,sparse_leafless,0.160528
531,open_leafless,open_leafless,,open_leafless,0.0,open_leafless,0.0,open_leafless,0.0,open_leafless,0.0,open_leafless,0.0,open_leafless,0.0
532,open_leafless,open_leafless,,open_leafless,0.0,open_leafless,0.0,open_leafless,0.0,open_leafless,0.0,open_leafless,0.0,open_leafless,0.0
533,open_leafless,open_leafless,,open_leafless,0.0,open_leafless,0.0,open_leafless,0.0,open_leafless,0.0,open_leafless,0.0,open_leafless,0.0
534,open_leafless,open_leafless,,open_leafless,0.0,open_leafless,0.0,open_leafless,0.0,open_leafless,0.0,open_leafless,0.0,open_leafless,0.0
535,open_leafless,open_leafless,,open_leafless,0.0,open_leafless,0.0,open_leafless,0.0,open_leafless,0.0,open_leafless,0.0,open_leafless,0.0
536,open_leafless,open_leafless,,open_leafless,0.0,open_leafless,0.0,open_leafless,0.0,open_leafless,0.0,open_leafless,0.0,open_leafless,0.0
537,open_leafless,open_leafless,,open_leafless,0.0,open_leafless,0.0,open_leafless,0.0,open_leafless,0.0,open_leafless,0.0,open_leafless,0.0
538,open_leafless,sparse_leafless,,sparse_leafless,0.000511,sparse_leafless,0.034029,sparse_leafless,0.032328,sparse_leafless,0.005693,sparse_leafless,0.013601,sparse_leafless,0.007059
539,open_leafless,open_leafless,,open_leafless,0.0,open_leafless,0.0,open_leafless,0.0,open_leafless,0.0,open_leafless,0.0,open_leafless,0.0
540,open_leafless,open_leafless,,open_leafless,0.0,open_leafless,0.0,open_leafless,0.0,open_leafless,0.0,open_leafless,0.0,open_leafless,0.0
541,open_leafless,open_leafless,,open_leafless,0.0,open_leafless,0.0,open_leafless,0.0,open_leafless,0.0,open_leafless,0.0,open_leafless,0.0
542,open_leafless,open_leafless,,open_leafless,0.0,open_leafless,0.0,open_leafless,0.0,open_leafless,0.0,open_leafless,0.0,open_leafless,0.0
543,open_leafless,open_leafless,,open_leafless,0.0,open_leafless,0.0,open_leafless,0.0,open_leafless,0.0,open_leafless,0.0,open_leafless,0.0
544,open_leafless,open_leafless,,open_leafless,0.0,open_leafless,0.0,open_leafless,0.0,open_leafless,0.0,open_leafless,0.0,open_leafless,0.0
545,open_leafless,open_leafless,,open_leafless,0.0,open_leafless,0.0,open_leafless,0.0,open_leafless,0.0,open_leafless,0.0,open_leafless,0.0
546,open_leafless,open_leafless,,open_leafless,0.0,open_leafless,0.0,open_leafless,0.0,open_leafless,0.0,open_leafless,0.0,open_leafless,0.0
547,open_leafless,open_leafless,,open_leafless,1e-06,open_leafless,0.0,open_leafless,0.0,open_leafless,0.0,open_leafless,0.0,open_leafless,0.0
548,open_leafless,open_leafless,,open_leafless,0.0,open_leafless,0.0,open_leafless,0.0,open_leafless,0.0,open_leafless,0.0,open_leafless,0.0
549,open_leafless,open_leafless,,open_leafless,0.001177,open_leafless,0.0,open_leafless,0.0,open_leafless,0.0,open_leafless,2e-06,open_leafless,1e-06
550,open_leafless,sparse_leafless,,sparse_leafless,0.003737,sparse_leafless,0.077067,sparse_leafless,0.021957,sparse_leafless,0.016948,sparse_leafless,0.021416,sparse_leafless,0.032556
551,open_leafless,open_leafless,,open_leafless,7.7e-05,open_leafless,2.8e-05,open_leafless,0.000307,open_leafless,5.6e-05,open_leafless,0.000589,open_leafless,0.000168
552,open_leafless,open_leafless,,open_leafless,0.0,open_leafless,0.0,open_leafless,0.0,open_leafless,0.0,open_leafless,0.0,open_leafless,0.0
553,open_leafless,open_leafless,,open_leafless,1.6e-05,open_leafless,7e-06,open_leafless,4e-06,open_leafless,1e-06,open_leafless,5e-06,open_leafless,9e-06
554,open_leafless,open_leafless,,open_leafless,0.0,open_leafless,0.0,open_leafless,0.0,open_leafless,0.0,open_leafless,0.0,open_leafless,0.0
555,open_leafless,open_leafless,,open_leafless,0.0,open_leafless,0.0,open_leafless,0.0,open_leafless,0.0,open_leafless,0.0,open_leafless,0.0
556,open_leafless,open_leafless,,open_leafless,0.0,open_leafless,0.0,open_leafless,0.0,open_leafless,0.0,open_leafless,0.0,open_leafless,0.0
557,open_leafless,open_leafless,,open_leafless,0.0,open_leafless,0.0,open_leafless,0.0,open_leafless,0.0,open_leafless,1e-06,open_leafless,2e-05
558,open_leafless,open_leafless,,open_leafless,0.0,open_leafless,0.0,open_leafless,0.0,open_leafless,0.0,open_leafless,0.0,open_leafless,0.0
559,open_leafless,open_leafless,,open_leafless,0.0,open_leafless,0.0,open_leafless,0.0,open_leafless,0.0,open_leafless,0.0,open_leafless,0.0
560,open_leafless,open_leafless,,open_leafless,0.0,open_leafless,0.0,open_leafless,0.0,open_leafless,0.0,open_leafless,0.0,open_leafless,0.0
561,open_leafless,open_leafless,,open_leafless,0.0,open_leafless,0.0,open_leafless,0.0,open_leafless,0.0,open_leafless,0.0,open_leafless,0.0
562,open_leafless,open_leafless,,open_leafless,0.0,open_leafless,0.0,open_leafless,0.0,open_leafless,0.0,open_leafless,0.0,open_leafless,0.0
563,open_leafless,open_leafless,,open_leafless,0.0,open_leafless,0.0,open_leafless,0.0,open_leafless,0.0,open_leafless,0.0,open_leafless,0.0
564,open_leafless,open_leafless,,open_leafless,0.0,open_leafless,0.0,open_leafless,0.0,open_leafless,0.0,open_leafless,0.0,open_leafless,0.0
565,open_leafless,open_leafless,,open_leafless,0.0,open_leafless,0.0,open_leafless,0.0,open_leafless,0.0,open_leafless,0.0,open_leafless,0.0
566,open_leafless,open_leafless,,open_leafless,0.0,open_leafless,0.0,open_leafless,0.0,open_leafless,0.0,open_leafless,0.0,open_leafless,0.0
567,open_leafless,open_leafless,,open_leafless,0.000143,open_leafless,0.000428,open_leafless,5.1e-05,open_leafless,0.013257,open_leafless,0.000162,open_leafless,0.000785
568,open_leafless,open_leafless,,open_leafless,4.4e-05,open_leafless,0.000394,open_leafless,0.002922,open_leafless,0.0015,open_leafless,0.004085,open_leafless,0.002849
569,open_leafless,open_leafless,,open_leafless,0.0,open_leafless,0.0,open_leafless,0.0,open_leafless,0.0,open_leafless,0.0,open_leafless,0.0
570,open_leafless,open_leafless,,open_leafless,1.9e-05,open_leafless,0.017429,open_leafless,0.004139,open_leafless,0.036593,open_leafless,0.417456,open_leafless,0.067349
571,open_leafless,open_leafless,,open_leafless,0.0,open_leafless,0.0,open_leafless,0.0,open_leafless,0.0,open_leafless,0.0,open_leafless,0.0
572,open_leafless,open_leafless,,open_leafless,0.143829,open_leafless,0.007605,open_leafless,0.024856,open_leafless,0.002854,open_leafless,0.224289,open_leafless,0.017138
573,open_leafless,open_leafless,,open_leafless,0.0,open_leafless,0.0,open_leafless,0.0,open_leafless,0.0,open_leafless,0.0,open_leafless,0.0
574,open_leafless,open_leafless,,open_leafless,0.0,open_leafless,0.0,open_leafless,0.0,open_leafless,0.0,open_leafless,0.0,open_leafless,0.0
575,open_leafless,open_leafless,,open_leafless,0.0,open_leafless,0.0,open_leafless,0.0,open_leafless,0.0,open_leafless,0.0,open_leafless,0.0
576,open_leafless,open_leafless,,open_leafless,0.0,open_leafless,0.0,open_leafless,0.0,open_leafless,0.0,open_leafless,0.0,open_leafless,0.0
577,open_leafless,open_leafless,,open_leafless,0.0,open_leafless,0.0,open_leafless,0.0,open_leafless,6e-06,open_leafless,0.0,open_leafless,5e-06
578,open_leafless,open,,open,0.280514,open,0.725429,open,0.012072,open,0.122102,open,0.231887,open,0.215269
579,open_leafless,open_leafless,,open_leafless,0.0,open_leafless,0.0,open_leafless,0.0,open_leafless,0.0,open_leafless,0.0,open_leafless,0.0
580,open_leafless,open_leafless,,open_leafless,0.0,open_leafless,0.0,open_leafless,0.0,open_leafless,0.0,open_leafless,0.0,open_leafless,0.0
581,open_leafless,open_leafless,,open_leafless,0.0,open_leafless,0.0,open_leafless,0.0,open_leafless,0.0,open_leafless,0.0,open_leafless,0.0
582,open_leafless,open_leafless,,open_leafless,0.0,open_leafless,0.0,open_leafless,0.0,open_leafless,0.0,open_leafless,0.0,open_leafless,0.0
583,open_leafless,open_leafless,,open_leafless,0.0,open_leafless,0.0,open_leafless,0.0,open_leafless,0.0,open_leafless,0.0,open_leafless,0.0
584,open_leafless,open_leafless,,open_leafless,0.0,open_leafless,0.0,open_leafless,0.0,open_leafless,0.0,open_leafless,0.0,open_leafless,0.0
585,open_leafless,open_leafless,,open_leafless,2e-06,open_leafless,0.0,open_leafless,1.4e-05,open_leafless,0.000167,open_leafless,0.000472,open_leafless,4.6e-05
586,open_leafless,open_leafless,,open_leafless,0.0,open_leafless,0.0,open_leafless,0.0,open_leafless,0.0,open_leafless,0.0,open_leafless,0.0
587,open_leafless,open_leafless,,open_leafless,0.0,open_leafless,0.0,open_leafless,0.0,open_leafless,0.0,open_leafless,0.0,open_leafless,0.0
588,open_leafless,open_leafless,,open_leafless,0.0,open_leafless,0.0,open_leafless,0.0,open_leafless,0.0,open_leafless,0.0,open_leafless,0.0
589,open_leafless,open_leafless,,open_leafless,0.0,open_leafless,0.0,open_leafless,0.0,open_leafless,1e-05,open_leafless,1e-06,open_leafless,0.0
590,open_leafless,open_leafless,,open_leafless,0.0,open_leafless,0.0,open_leafless,0.0,open_leafless,0.0,open_leafless,0.0,open_leafless,0.0
591,open_leafless,open_leafless,,open_leafless,0.0,open_leafless,0.0,open_leafless,0.0,open_leafless,0.0,open_leafless,1e-06,open_leafless,0.0
592,open_leafless,open_leafless,,open_leafless,0.0,open_leafless,0.0,open_leafless,0.0,open_leafless,0.0,open_leafless,0.0,open_leafless,0.0
593,open_leafless,open_leafless,,open_leafless,0.0,open_leafless,0.0,open_leafless,0.0,open_leafless,0.0,open_leafless,0.0,open_leafless,0.0
594,open_leafless,open_leafless,,open_leafless,0.0,open_leafless,0.0,open_leafless,0.0,open_leafless,0.0,open_leafless,0.0,open_leafless,0.0
595,open_leafless,open_leafless,,open_leafless,1.3e-05,open_leafless,0.0,open_leafless,2e-06,open_leafless,4e-06,open_leafless,1e-06,open_leafless,1.5e-05
596,open_leafless,open_leafless,,open_leafless,0.0,open_leafless,0.0,open_leafless,0.0,open_leafless,0.0,open_leafless,0.0,open_leafless,0.0
597,open_leafless,open_leafless,,open_leafless,0.0,open_leafless,0.0,open_leafless,0.0,open_leafless,1e-06,open_leafless,0.0,open_leafless,0.0
598,open_leafless,open_leafless,,open_leafless,0.0,open_leafless,0.0,open_leafless,0.0,open_leafless,0.0,open_leafless,0.0,open_leafless,0.0
599,open_leafless,open_leafless,,open_leafless,0.0,open_leafless,0.0,open_leafless,0.0,open_leafless,0.0,open_leafless,0.0,open_leafless,0.0
600,open_leafless,open_leafless,,open_leafless,0.0,open_leafless,0.0,open_leafless,0.0,open_leafless,0.0,open_leafless,0.0,open_leafless,0.0
601,open_leafless,open_leafless,,open_leafless,0.0,open_leafless,0.0,open_leafless,1e-06,open_leafless,2e-06,open_leafless,1e-06,open_leafless,4e-06
602,open_leafless,sparse_leafless,,sparse_leafless,5e-06,sparse_leafless,8e-06,sparse_leafless,0.000376,sparse_leafless,0.000127,sparse_leafless,3.3e-05,sparse_leafless,0.00075
603,open_leafless,open_leafless,,open_leafless,0.0,open_leafless,0.0,open_leafless,0.0,open_leafless,0.0,open_leafless,0.0,open_leafless,0.0
604,open_leafless,open_leafless,,open_leafless,0.0,open_leafless,0.0,open_leafless,0.0,open_leafless,0.0,open_leafless,0.0,open_leafless,0.0
605,open_leafless,open_leafless,,open_leafless,0.0,open_leafless,0.0,open_leafless,0.0,open_leafless,1e-06,open_leafless,1e-06,open_leafless,0.0
606,open_leafless,open_leafless,,open_leafless,0.0,open_leafless,0.0,open_leafless,0.0,open_leafless,0.0,open_leafless,0.0,open_leafless,0.0
607,open_leafless,open_leafless,,open_leafless,0.0,open_leafless,0.0,open_leafless,0.0,open_leafless,0.0,open_leafless,0.0,open_leafless,0.0
608,open_leafless,open_leafless,,open_leafless,0.0,open_leafless,0.0,open_leafless,0.0,open_leafless,0.0,open_leafless,0.0,open_leafless,0.0
609,open_leafless,open_leafless,,open_leafless,0.0,open_leafless,0.0,open_leafless,0.0,open_leafless,0.0,open_leafless,0.0,open_leafless,0.0
610,open_leafless,open_leafless,,open_leafless,0.0,open_leafless,0.0,open_leafless,0.0,open_leafless,1e-06,open_leafless,0.0,open_leafless,0.0
611,open_leafless,open_leafless,,open_leafless,0.0,open_leafless,0.0,open_leafless,0.0,open_leafless,0.0,open_leafless,0.0,open_leafless,0.0
612,open_leafless,open_leafless,,open_leafless,0.0,open_leafless,0.0,open_leafless,0.0,open_leafless,0.0,open_leafless,0.0,open_leafless,0.0
613,open_leafless,open_leafless,,open_leafless,0.0,open_leafless,0.0,open_leafless,0.0,open_leafless,0.0,open_leafless,0.0,open_leafless,0.0
614,open_leafless,open_leafless,,open_leafless,0.0,open_leafless,0.0,open_leafless,0.0,open_leafless,1e-06,open_leafless,0.0,open_leafless,4e-06
615,open_leafless,open_leafless,,open_leafless,0.0,open_leafless,0.0,open_leafless,0.0,open_leafless,0.0,open_leafless,0.0,open_leafless,0.0
616,open_leafless,open_leafless,,open_leafless,0.004441,open_leafless,0.00015,open_leafless,0.001181,open_leafless,0.007587,open_leafless,0.001616,open_leafless,0.006758
617,open_leafless,open,,open,3.6e-05,open,0.00061,open,0.005062,open,0.002423,open,0.000432,open,0.002769
618,open_leafless,open_leafless,,open_leafless,0.0,open_leafless,0.0,open_leafless,0.0,open_leafless,0.0,open_leafless,0.0,open_leafless,0.0
619,open_leafless,open_leafless,,open_leafless,0.0,open_leafless,0.0,open_leafless,0.0,open_leafless,0.0,open_leafless,0.0,open_leafless,0.0
620,open_leafless,open_leafless,,open_leafless,0.0,open_leafless,0.0,open_leafless,0.0,open_leafless,1e-06,open_leafless,0.0,open_leafless,2.8e-05
621,open_leafless,open_leafless,,open_leafless,0.0,open_leafless,0.0,open_leafless,0.0,open_leafless,2e-06,open_leafless,2e-06,open_leafless,1e-06
622,open_leafless,open_leafless,,open_leafless,0.0,open_leafless,0.0,open_leafless,0.0,open_leafless,0.0,open_leafless,0.0,open_leafless,0.0
623,open_leafless,open_leafless,,open_leafless,0.0,open_leafless,0.0,open_leafless,0.0,open_leafless,0.0,open_leafless,0.0,open_leafless,0.0
624,open_leafless,open_leafless,,open_leafless,0.0,open_leafless,0.0,open_leafless,0.0,open_leafless,0.0,open_leafless,0.0,open_leafless,0.0
625,open_leafless,open_leafless,,open_leafless,0.0,open_leafless,0.0,open_leafless,0.0,open_leafless,0.0,open_leafless,0.0,open_leafless,0.0
626,open_leafless,open_leafless,,open_leafless,0.0,open_leafless,0.0,open_leafless,0.0,open_leafless,3e-06,open_leafless,0.0,open_leafless,1e-06
627,open_leafless,open_leafless,,open_leafless,0.0,open_leafless,0.0,open_leafless,0.0,open_leafless,0.0,open_leafless,1e-06,open_leafless,0.0
628,open_leafless,open_leafless,,open_leafless,0.0,open_leafless,1e-06,open_leafless,6.2e-05,open_leafless,2e-06,open_leafless,7e-06,open_leafless,0.000697
629,open_leafless,open_leafless,,open_leafless,0.001891,open_leafless,0.002958,open_leafless,0.002462,open_leafless,0.002334,open_leafless,0.024932,open_leafless,0.007047
630,open_leafless,open_leafless,,open_leafless,1e-06,open_leafless,1.1e-05,open_leafless,2.7e-05,open_leafless,1.2e-05,open_leafless,0.000139,open_leafless,1e-06
631,open_leafless,open_leafless,,open_leafless,0.0,open_leafless,0.0,open_leafless,0.0,open_leafless,0.0,open_leafless,0.0,open_leafless,0.0
632,open_leafless,open_leafless,,open_leafless,0.0,open_leafless,0.0,open_leafless,0.0,open_leafless,0.0,open_leafless,0.0,open_leafless,0.0
633,open_leafless,open_leafless,,open_leafless,0.0,open_leafless,0.0,open_leafless,0.0,open_leafless,0.0,open_leafless,0.0,open_leafless,0.0
634,open_leafless,open_leafless,,open_leafless,1.2e-05,open_leafless,9.1e-05,open_leafless,0.000448,open_leafless,0.000579,open_leafless,5.1e-05,open_leafless,7.3e-05
635,open_leafless,open_leafless,,open_leafless,0.0,open_leafless,0.0,open_leafless,0.0,open_leafless,0.0,open_leafless,0.0,open_leafless,0.0
636,open_leafless,open_leafless,,open_leafless,0.0,open_leafless,0.0,open_leafless,0.0,open_leafless,0.0,open_leafless,0.0,open_leafless,0.0
637,open_leafless,open_leafless,,open_leafless,0.0,open_leafless,0.0,open_leafless,0.0,open_leafless,0.0,open_leafless,3e-06,open_leafless,0.0
638,open_leafless,open_leafless,,open_leafless,0.000338,open_leafless,0.002404,open_leafless,0.008623,open_leafless,0.000566,open_leafless,0.007486,open_leafless,0.004679
639,open_leafless,open_leafless,,open_leafless,0.159519,open_leafless,0.031688,open_leafless,0.205303,open_leafless,0.078169,open_leafless,0.045515,open_leafless,0.135571
640,open_leafless,open_leafless,,open_leafless,0.0,open_leafless,0.0,open_leafless,0.0,open_leafless,0.0,open_leafless,0.0,open_leafless,0.0
641,open_leafless,open_leafless,,open_leafless,0.0,open_leafless,0.0,open_leafless,0.0,open_leafless,0.0,open_leafless,0.0,open_leafless,0.0
642,open_leafless,open_leafless,,open_leafless,0.0,open_leafless,0.0,open_leafless,0.0,open_leafless,0.0,open_leafless,0.0,open_leafless,0.0
643,open_leafless,open_leafless,,open_leafless,0.0,open_leafless,0.0,open_leafless,0.0,open_leafless,0.0,open_leafless,0.0,open_leafless,0.0
644,open_leafless,open_leafless,,open_leafless,0.0,open_leafless,0.0,open_leafless,0.0,open_leafless,0.0,open_leafless,0.0,open_leafless,0.0
645,open_leafless,open_leafless,,open_leafless,0.0,open_leafless,0.0,open_leafless,0.0,open_leafless,0.0,open_leafless,0.0,open_leafless,0.0
646,open_leafless,open_leafless,,open_leafless,0.0,open_leafless,0.0,open_leafless,0.0,open_leafless,0.0,open_leafless,0.0,open_leafless,0.0
647,open_leafless,open_leafless,,open_leafless,0.0,open_leafless,0.0,open_leafless,0.0,open_leafless,0.0,open_leafless,0.0,open_leafless,0.0
648,open_leafless,open_leafless,,open_leafless,0.0,open_leafless,0.0,open_leafless,0.0,open_leafless,0.0,open_leafless,0.0,open_leafless,0.0
649,open_leafless,open_leafless,,open_leafless,0.0,open_leafless,0.0,open_leafless,0.0,open_leafless,0.0,open_leafless,0.0,open_leafless,0.0
650,open_leafless,open_leafless,,open_leafless,0.0,open_leafless,0.0,open_leafless,0.0,open_leafless,0.0,open_leafless,0.0,open_leafless,0.0
651,open_leafless,open_leafless,,open_leafless,0.0,open_leafless,0.0,open_leafless,0.0,open_leafless,0.0,open_leafless,0.0,open_leafless,0.0
652,open_leafless,open_leafless,,open_leafless,0.0,open_leafless,0.0,open_leafless,0.0,open_leafless,0.0,open_leafless,0.0,open_leafless,0.0
653,open_leafless,open_leafless,,open_leafless,0.0,open_leafless,0.0,open_leafless,0.0,open_leafless,0.0,open_leafless,0.0,open_leafless,0.0
654,open_leafless,open_leafless,,open_leafless,0.0,open_leafless,2e-06,open_leafless,1e-06,open_leafless,0.0,open_leafless,0.0,open_leafless,3e-06
655,open_leafless,open_leafless,,open_leafless,0.0,open_leafless,0.0,open_leafless,0.0,open_leafless,0.0,open_leafless,0.0,open_leafless,0.0
656,open_leafless,open_leafless,,open_leafless,0.0,open_leafless,0.0,open_leafless,0.0,open_leafless,0.0,open_leafless,0.0,open_leafless,0.0
657,open_leafless,open_leafless,,open_leafless,0.0,open_leafless,0.0,open_leafless,0.0,open_leafless,0.0,open_leafless,0.0,open_leafless,0.0
658,open_leafless,open_leafless,,open_leafless,0.0,open_leafless,0.0,open_leafless,0.0,open_leafless,0.0,open_leafless,0.0,open_leafless,0.0
659,open_leafless,open_leafless,,open_leafless,0.0,open_leafless,0.0,open_leafless,0.0,open_leafless,0.0,open_leafless,0.0,open_leafless,0.0
660,open_leafless,open_leafless,,open_leafless,0.0,open_leafless,0.0,open_leafless,0.0,open_leafless,0.0,open_leafless,0.0,open_leafless,0.0
661,open_leafless,open_leafless,,open_leafless,0.0,open_leafless,0.0,open_leafless,0.0,open_leafless,0.0,open_leafless,0.0,open_leafless,0.0
662,open_leafless,open_leafless,,open_leafless,0.0,open_leafless,0.0,open_leafless,0.0,open_leafless,7e-06,open_leafless,7e-06,open_leafless,2e-06
663,open_leafless,open_leafless,,open_leafless,0.0,open_leafless,0.0,open_leafless,0.0,open_leafless,0.0,open_leafless,0.0,open_leafless,7e-06
664,open_leafless,open_leafless,,open_leafless,0.0,open_leafless,0.0,open_leafless,0.0,open_leafless,0.0,open_leafless,0.0,open_leafless,0.0
665,open_leafless,sparse_leafless,,sparse_leafless,0.0,sparse_leafless,0.0,sparse_leafless,0.0,sparse_leafless,0.0,sparse_leafless,0.0,sparse_leafless,0.0
666,open_leafless,open_leafless,,open_leafless,0.000325,open_leafless,0.000213,open_leafless,0.002808,open_leafless,0.000992,open_leafless,0.005105,open_leafless,0.0135
667,open_leafless,open_leafless,,open_leafless,0.0,open_leafless,0.0,open_leafless,0.0,open_leafless,0.0,open_leafless,0.0,open_leafless,0.0
668,open_leafless,open_leafless,,open_leafless,0.0,open_leafless,0.0,open_leafless,0.0,open_leafless,0.0,open_leafless,0.0,open_leafless,0.0
669,open_leafless,open_leafless,,open_leafless,0.000107,open_leafless,1.2e-05,open_leafless,0.000155,open_leafless,9.4e-05,open_leafless,0.000125,open_leafless,0.00066
670,open_leafless,open_leafless,,open_leafless,0.0,open_leafless,0.0,open_leafless,0.0,open_leafless,0.0,open_leafless,0.0,open_leafless,0.0
671,open_leafless,open_leafless,,open_leafless,0.0,open_leafless,0.0,open_leafless,0.0,open_leafless,0.0,open_leafless,0.0,open_leafless,0.0
672,open_leafless,open_leafless,,open_leafless,0.0,open_leafless,0.0,open_leafless,0.0,open_leafless,0.0,open_leafless,0.0,open_leafless,0.0
673,open_leafless,open_leafless,,open_leafless,0.0,open_leafless,0.0,open_leafless,0.0,open_leafless,1e-06,open_leafless,0.0,open_leafless,8e-06
674,open_leafless,open_leafless,,open_leafless,2e-06,open_leafless,5e-06,open_leafless,1.8e-05,open_leafless,3e-06,open_leafless,0.000127,open_leafless,7e-06
675,open_snow,sparse,,sparse,0.027756,sparse,0.910567,sparse,0.532277,open,0.86337,open,0.978731,sparse,0.756171
676,open_snow,sparse,,open,0.123108,sparse,1.0,open,0.545732,sparse,0.66508,open,0.955794,open,0.790982
677,open_snow,sparse,,open,0.480916,open,0.780594,sparse,0.526564,sparse,0.485523,sparse,0.844591,open,0.784255
678,open_snow,sparse,,sparse,0.006651,sparse,0.360438,open,1.0,open,0.818539,open,0.933151,sparse,1.0
679,open_snow,open_snow,,open_snow,5.8e-05,open_snow,6.7e-05,open_snow,0.000351,open_snow,0.003053,open_snow,0.001686,open_snow,0.001734
680,open_snow,sparse_snow,,sparse_snow,0.000558,sparse_snow,0.004137,sparse_snow,0.004804,sparse_snow,0.036497,sparse_snow,0.006419,sparse_snow,0.00777
681,open_snow,sparse,,open,1.0,sparse,0.507991,sparse,0.015129,sparse,1.0,sparse,1.0,sparse,0.778816
682,open_snow,open,,open,0.173798,sparse,0.855573,sparse,0.477476,sparse,0.979285,open,0.935362,sparse,0.63364
683,open_snow,sparse,,open,0.301012,sparse,0.590731,open,0.582297,sparse,0.724975,sparse,0.848929,open,0.762725
684,open_snow,open_snow,,open_snow,1.1e-05,open_snow,1e-06,open_snow,0.0,open_snow,1e-05,open_snow,1e-06,open_snow,4e-06
685,open_snow,open_snow,,open_snow,0.0,open_snow,3e-06,open_snow,0.0,open_snow,0.0,open_snow,0.0,open_snow,1e-06
686,open_snow,open_snow,,open_snow,0.0,open_snow,0.0,open_snow,0.0,open_snow,1e-06,open_snow,0.0,open_snow,0.0
687,open_snow,open,,sparse,0.347023,sparse,0.920366,open,3.6e-05,sparse,0.789595,open,0.881437,open,0.581234
688,open_snow,sparse,,open,0.009543,open,0.666932,sparse,0.528326,sparse,0.948346,open,0.995413,open,0.716567
689,open_snow,open_snow,,open_snow,0.0,open_snow,0.0,open_snow,0.0,open_snow,0.0,open_snow,0.0,open_snow,0.0
690,open_snow,open_snow,,open_snow,0.0,open_snow,0.0,open_snow,0.0,open_snow,0.0,open_snow,0.0,open_snow,0.0
691,open_snow,open_snow,,open_snow,0.0,open_snow,0.0,open_snow,0.0,open_snow,0.0,open_snow,0.0,open_snow,0.0
692,open_snow,open_snow,,open_snow,0.0,open_snow,0.0,open_snow,0.0,open_snow,0.0,open_snow,0.0,open_snow,0.0
693,open_snow,open_snow,,open_snow,0.0,open_snow,0.0,open_snow,0.0,open_snow,0.0,open_snow,0.0,open_snow,0.0
694,open_snow,open_snow,,open_snow,0.0,open_snow,0.0,open_snow,0.0,open_snow,0.0,open_snow,0.0,open_snow,0.0
695,open_snow,open_snow,,open_snow,0.0,open_snow,0.0,open_snow,0.0,open_snow,0.0,open_snow,0.0,open_snow,0.0
696,open_snow,open_snow,,open_snow,0.0,open_snow,0.0,open_snow,0.0,open_snow,0.0,open_snow,0.0,open_snow,0.0
697,open_snow,open_snow,,open_snow,0.0,open_snow,0.0,open_snow,0.0,open_snow,0.0,open_snow,0.0,open_snow,0.0
698,open_snow,open_snow,,open_snow,0.0,open_snow,0.0,open_snow,0.0,open_snow,0.0,open_snow,0.0,open_snow,0.0
699,open_snow,open_snow,,open_snow,0.0,open_snow,0.0,open_snow,0.0,open_snow,0.0,open_snow,0.0,open_snow,0.0
700,open_snow,open_snow,,open_snow,0.0,open_snow,0.0,open_snow,0.0,open_snow,0.0,open_snow,0.0,open_snow,0.0
701,open_snow,open_snow,,open_snow,0.0,open_snow,0.0,open_snow,0.0,open_snow,0.0,open_snow,0.0,open_snow,0.0
702,open_snow,open_snow,,open_snow,0.0,open_snow,0.0,open_snow,0.0,open_snow,0.0,open_snow,0.0,open_snow,0.0
703,open_snow,open_snow,,open_snow,0.0,open_snow,0.0,open_snow,0.0,open_snow,0.0,open_snow,0.0,open_snow,0.0
704,open_snow,open_snow,,open_snow,0.0,open_snow,0.0,open_snow,0.0,open_snow,0.0,open_snow,0.0,open_snow,0.0
705,open_snow,open_snow,,open_snow,0.0,open_snow,0.0,open_snow,0.0,open_snow,0.0,open_snow,0.0,open_snow,0.0
706,open_snow,open_snow,,open_snow,0.0,open_snow,0.0,open_snow,0.0,open_snow,0.0,open_snow,0.0,open_snow,0.0
707,open_snow,open_snow,,open_snow,0.0,open_snow,0.0,open_snow,0.0,open_snow,0.0,open_snow,0.0,open_snow,0.0
708,open_snow,open_snow,,open_snow,0.0,open_snow,0.0,open_snow,0.0,open_snow,0.0,open_snow,0.0,open_snow,0.0
709,open_snow,open_snow,,open_snow,0.0,open_snow,0.0,open_snow,0.0,open_snow,0.0,open_snow,0.0,open_snow,0.0
710,open_snow,open_snow,,open_snow,0.0,open_snow,0.0,open_snow,0.0,open_snow,0.0,open_snow,0.0,open_snow,0.0
711,open_snow,open_snow,,open_snow,0.0,open_snow,0.0,open_snow,0.0,open_snow,0.0,open_snow,0.0,open_snow,0.0
712,open_snow,open_snow,,open_snow,0.0,open_snow,0.0,open_snow,0.0,open_snow,0.0,open_snow,0.0,open_snow,0.0
713,open_snow,open_snow,,open_snow,0.0,open_snow,0.0,open_snow,0.0,open_snow,0.0,open_snow,0.0,open_snow,0.0
714,open_snow,open_snow,,open_snow,0.0,open_snow,0.0,open_snow,0.0,open_snow,0.0,open_snow,0.0,open_snow,0.0
715,open_snow,open_snow,,open_snow,0.0,open_snow,0.0,open_snow,0.0,open_snow,0.0,open_snow,0.0,open_snow,0.0
716,open_snow,open_snow,,open_snow,0.0,open_snow,0.0,open_snow,0.0,open_snow,0.0,open_snow,0.0,open_snow,0.0
717,open_snow,open_snow,,open_snow,0.0,open_snow,0.0,open_snow,0.0,open_snow,0.0,open_snow,0.0,open_snow,0.0
718,open_snow,open_snow,,open_snow,0.0,open_snow,0.0,open_snow,0.0,open_snow,0.0,open_snow,0.0,open_snow,0.0
719,open_snow,open_snow,,open_snow,0.0,open_snow,0.0,open_snow,0.0,open_snow,0.0,open_snow,0.0,open_snow,0.0
720,open_snow,open_snow,,open_snow,0.0,open_snow,0.0,open_snow,0.0,open_snow,0.0,open_snow,0.0,open_snow,0.0
721,open_snow,open_snow,,open_snow,0.0,open_snow,0.0,open_snow,0.0,open_snow,0.0,open_snow,0.0,open_snow,0.0
722,open_snow,open_snow,,open_snow,0.0,open_snow,0.0,open_snow,0.0,open_snow,0.0,open_snow,0.0,open_snow,0.0
723,open_snow,open_snow,,open_snow,0.0,open_snow,0.0,open_snow,0.0,open_snow,0.0,open_snow,0.0,open_snow,0.0
724,open_snow,open_snow,,open_snow,0.0,open_snow,0.0,open_snow,0.0,open_snow,0.0,open_snow,0.0,open_snow,0.0
725,open_snow,open_snow,,open_snow,0.0,open_snow,0.0,open_snow,0.0,open_snow,0.0,open_snow,0.0,open_snow,0.0
726,open_snow,open_snow,,open_snow,0.0,open_snow,0.0,open_snow,0.0,open_snow,0.0,open_snow,0.0,open_snow,0.0
727,open_snow,open_snow,,open_snow,0.0,open_snow,0.0,open_snow,0.0,open_snow,0.0,open_snow,0.0,open_snow,0.0
728,open_snow,open_snow,,open_snow,0.0,open_snow,0.0,open_snow,0.0,open_snow,0.0,open_snow,0.0,open_snow,0.0
729,open_snow,open_snow,,open_snow,0.0,open_snow,0.0,open_snow,0.0,open_snow,0.0,open_snow,0.0,open_snow,0.0
730,open_snow,open_snow,,open_snow,0.0,open_snow,0.0,open_snow,0.0,open_snow,0.0,open_snow,0.0,open_snow,0.0
731,open_snow,open_snow,,open_snow,0.0,open_snow,0.0,open_snow,0.0,open_snow,0.0,open_snow,0.0,open_snow,0.0
732,open_snow,open_snow,,open_snow,0.0,open_snow,0.0,open_snow,0.0,open_snow,0.0,open_snow,0.0,open_snow,0.0
733,open_snow,open_snow,,open_snow,0.0,open_snow,0.0,open_snow,0.0,open_snow,0.0,open_snow,0.0,open_snow,0.0
734,open_snow,open_snow,,open_snow,0.0,open_snow,0.0,open_snow,0.0,open_snow,0.0,open_snow,0.0,open_snow,0.0
735,open_snow,open_snow,,open_snow,0.0,open_snow,0.0,open_snow,0.0,open_snow,0.0,open_snow,0.0,open_snow,0.0
736,open_snow,open_snow,,open_snow,0.0,open_snow,0.0,open_snow,0.0,open_snow,0.0,open_snow,0.0,open_snow,0.0
737,open_snow,open_snow,,open_snow,0.0,open_snow,0.0,open_snow,0.0,open_snow,0.0,open_snow,0.0,open_snow,0.0
738,open_snow,open_snow,,open_snow,0.0,open_snow,0.0,open_snow,0.0,open_snow,0.0,open_snow,0.0,open_snow,0.0
739,open_snow,open_snow,,open_snow,0.0,open_snow,0.0,open_snow,0.0,open_snow,0.0,open_snow,0.0,open_snow,0.0
740,open_snow,open_snow,,open_snow,0.0,open_snow,0.0,open_snow,0.0,open_snow,0.0,open_snow,0.0,open_snow,0.0
741,open_snow,open_snow,,open_snow,0.0,open_snow,0.0,open_snow,0.0,open_snow,0.0,open_snow,0.0,open_snow,0.0
742,open_snow,sparse_snow,,open_snow,0.011823,sparse_snow,0.027477,sparse_snow,0.057445,sparse_snow,0.050394,sparse_snow,0.231209,sparse_snow,0.188593
743,open_snow,open_snow,,open_snow,0.000534,open_snow,0.001716,open_snow,0.00034,open_snow,0.001415,open_snow,0.005838,open_snow,0.00105
744,open_snow,open_snow,,open_snow,9.7e-05,open_snow,0.002356,open_snow,0.025806,open_snow,0.022201,open_snow,0.007049,open_snow,0.130733
745,open_snow,open_snow,,open_snow,0.0,open_snow,5.2e-05,open_snow,1.8e-05,open_snow,6.3e-05,open_snow,4e-06,open_snow,2.2e-05
746,open_snow,open_snow,,open_snow,0.0,open_snow,0.0,open_snow,0.0,open_snow,0.0,open_snow,0.0,open_snow,0.0
747,open_snow,open_snow,,open_snow,0.0,open_snow,1e-06,open_snow,1e-06,open_snow,2e-06,open_snow,9e-06,open_snow,1e-05
748,open_snow,open_snow,,open_snow,2e-06,open_snow,0.0,open_snow,0.0,open_snow,0.0,open_snow,2e-06,open_snow,1e-06
749,open_snow,open_snow,,open_snow,0.0,open_snow,0.00023,open_snow,0.00054,open_snow,0.003193,open_snow,4.4e-05,open_snow,7.5e-05
750,open_snow,open_snow,,open_snow,0.0,open_snow,0.0,open_snow,0.0,open_snow,0.0,open_snow,0.0,open_snow,0.0
751,open_snow,open_snow,,open_snow,0.0,open_snow,0.0,open_snow,0.0,open_snow,0.0,open_snow,0.0,open_snow,0.0
752,open_snow,open_snow,,open_snow,0.0,open_snow,0.0,open_snow,0.0,open_snow,0.0,open_snow,0.0,open_snow,0.0
753,open_snow,open_snow,,open_snow,0.0,open_snow,0.0,open_snow,0.0,open_snow,0.0,open_snow,0.0,open_snow,0.0
754,open_snow,sparse_snow,,sparse_snow,0.0,sparse_snow,7.2e-05,sparse_snow,1.4e-05,sparse_snow,9e-06,sparse_snow,2e-05,sparse_snow,5.1e-05
755,sparse,sparse,,sparse,1e-06,sparse,0.000308,sparse,0.000227,sparse,6e-06,sparse,2.2e-05,sparse,1.9e-05
756,sparse,sparse,,sparse,0.0,sparse,0.0,sparse,0.0,sparse,0.0,sparse,0.0,sparse,0.0
757,sparse,sparse,,sparse,0.0,sparse,0.0,sparse,0.0,sparse,0.0,sparse,0.0,sparse,0.0
758,sparse,sparse,,sparse,0.0,sparse,0.0,sparse,0.0,sparse,0.0,sparse,0.0,sparse,0.0
759,sparse,sparse,,sparse,0.0,sparse,0.0,sparse,0.0,sparse,0.0,sparse,0.0,sparse,0.0
760,sparse,sparse,,sparse,0.0,sparse,0.0,sparse,0.0,sparse,0.0,sparse,0.0,sparse,0.0
761,sparse,sparse,,sparse,0.0,sparse,0.0,sparse,0.0,sparse,0.0,sparse,0.0,sparse,0.0
762,sparse,sparse,,sparse,0.0,sparse,0.0,sparse,0.0,sparse,0.0,sparse,0.0,sparse,0.0
763,sparse,sparse,,sparse,0.0,sparse,0.0,sparse,0.0,sparse,0.0,sparse,0.0,sparse,0.0
764,sparse,sparse,,sparse,0.0,sparse,0.0,sparse,0.0,sparse,0.0,sparse,0.0,sparse,0.0
765,sparse,sparse,,sparse,0.0,sparse,0.0,sparse,0.0,sparse,0.0,sparse,0.0,sparse,0.0
766,sparse,sparse,,sparse,0.0,sparse,0.0,sparse,0.0,sparse,0.0,sparse,0.0,sparse,0.0
767,sparse,sparse,,sparse,0.0,sparse,0.0,sparse,0.0,sparse,0.0,sparse,0.0,sparse,0.0
768,sparse,sparse,,sparse,0.0,sparse,0.0,sparse,0.0,sparse,0.0,sparse,0.0,sparse,0.0
769,sparse,sparse,,sparse,0.00496,sparse,0.005688,sparse,0.019626,sparse,0.011305,sparse,0.022145,sparse,0.032316
770,sparse,sparse,,sparse,0.0,sparse,0.0,sparse,0.0,sparse,0.0,sparse,0.0,sparse,0.0
771,sparse,sparse,,sparse,0.0,sparse,0.0,sparse,0.0,sparse,0.0,sparse,0.0,sparse,0.0
772,sparse,sparse,,sparse,0.0,sparse,7e-06,sparse,1.7e-05,sparse,4.9e-05,sparse,3.6e-05,sparse,0.0001
773,sparse,sparse,,sparse,0.0,sparse,0.0,sparse,0.0,sparse,0.0,sparse,0.0,sparse,0.0
774,sparse,sparse,,sparse,0.0,sparse,0.0,sparse,0.0,sparse,0.0,sparse,0.0,sparse,0.0
775,sparse,sparse,,sparse,0.0,sparse,0.0,sparse,0.0,sparse,0.0,sparse,0.0,sparse,0.0
776,sparse,sparse,,sparse,0.0,sparse,0.0,sparse,0.0,sparse,0.0,sparse,0.0,sparse,0.0
777,sparse,sparse,,sparse,0.0,sparse,0.0,sparse,0.0,sparse,0.0,sparse,0.0,sparse,0.0
778,sparse,dense,,open,0.280069,open,0.033482,open,0.096594,open,0.262203,open,0.354643,open,0.292023
779,sparse,sparse,,sparse,0.0,sparse,0.0,sparse,0.0,sparse,0.0,sparse,0.0,sparse,0.0
780,sparse,sparse,,sparse,0.0,sparse,0.0,sparse,4e-06,sparse,1.1e-05,sparse,6e-06,sparse,4e-06
781,sparse,sparse,,sparse,4e-06,sparse,3e-06,sparse,5e-06,sparse,4e-06,sparse,1.5e-05,sparse,2e-06
782,sparse,open,,open,0.000379,open,1e-06,open,0.000493,open,0.053515,open,0.027538,open,0.002516
783,sparse,sparse,,open,0.153678,sparse,0.008973,open,0.321864,sparse,0.392182,sparse,0.597646,sparse,0.211741
784,sparse,sparse,,sparse,0.0,sparse,0.0,sparse,0.0,sparse,0.0,sparse,0.0,sparse,0.0
785,sparse,sparse,,sparse,0.0,sparse,0.0,sparse,0.0,sparse,0.0,sparse,0.0,sparse,0.0
786,sparse,sparse,,sparse,0.0,sparse,0.0,sparse,0.0,sparse,0.0,sparse,0.0,sparse,0.0
787,sparse,sparse,,sparse,0.0,sparse,0.0,sparse,0.0,sparse,0.0,sparse,0.0,sparse,0.0
788,sparse,sparse,,sparse,0.0,sparse,0.0,sparse,0.0,sparse,0.0,sparse,0.0,sparse,0.0
789,sparse,sparse,,sparse,0.0,sparse,0.0,sparse,0.0,sparse,0.0,sparse,0.0,sparse,0.0
790,sparse,sparse,,sparse,0.0,sparse,0.0,sparse,0.0,sparse,0.0,sparse,0.0,sparse,0.0
791,sparse,sparse,,sparse,4.5e-05,sparse,0.0073,sparse,0.000434,sparse,0.000799,sparse,0.000181,sparse,0.000911
792,sparse,sparse,,sparse,0.0,sparse,0.0,sparse,0.0,sparse,0.0,sparse,0.0,sparse,0.0
793,sparse,sparse,,sparse,0.004915,sparse,0.000743,sparse,0.013631,sparse,0.023244,sparse,0.1309,sparse,0.058815
794,sparse,sparse,,sparse,0.0,sparse,6e-06,sparse,5e-06,sparse,1.3e-05,sparse,4e-06,sparse,1e-06
795,sparse,sparse,,open,0.077712,sparse,0.102725,sparse,0.154847,sparse,0.206756,sparse,0.194674,sparse,0.093043
796,sparse,sparse,,sparse,0.0,sparse,0.0,sparse,0.0,sparse,0.0,sparse,0.0,sparse,0.0
797,sparse,sparse,,sparse,0.0,sparse,2e-06,sparse,0.0,sparse,0.0,sparse,0.0,sparse,0.0
798,sparse,sparse,,sparse,0.0,sparse,0.0,sparse,0.0,sparse,0.0,sparse,0.0,sparse,0.0
799,sparse,sparse,,sparse,0.0,sparse,0.0,sparse,0.0,sparse,0.0,sparse,0.0,sparse,0.0
800,sparse,sparse,,sparse,0.0,sparse,0.0,sparse,0.0,sparse,0.0,sparse,0.0,sparse,0.0
801,sparse,sparse,,sparse,0.0,sparse,0.0,sparse,0.0,sparse,0.0,sparse,0.0,sparse,0.0
802,sparse,sparse,,sparse,0.0,sparse,0.0,sparse,0.0,sparse,0.0,sparse,0.0,sparse,0.0
803,sparse,sparse,,sparse,0.0,sparse,0.0,sparse,0.0,sparse,0.0,sparse,0.0,sparse,0.0
804,sparse,sparse,,sparse,0.0,sparse,0.0,sparse,0.0,sparse,0.0,sparse,0.0,sparse,0.0
805,sparse,sparse,,sparse,0.0,sparse,0.0,sparse,0.0,sparse,0.0,sparse,0.0,sparse,0.0
806,sparse,sparse,,sparse,0.306792,sparse,0.006091,sparse,0.042271,sparse,0.398485,sparse,0.03586,sparse,0.207049
807,sparse,sparse,,sparse,0.0,sparse,0.0,sparse,0.0,sparse,0.0,sparse,0.0,sparse,0.0
808,sparse,sparse,,sparse,0.0,sparse,0.0,sparse,0.0,sparse,0.0,sparse,0.0,sparse,0.0
809,sparse,sparse,,sparse,0.0,sparse,0.0,sparse,0.0,sparse,0.0,sparse,0.0,sparse,0.0
810,sparse,sparse,,sparse,0.0,sparse,0.0,sparse,0.0,sparse,0.0,sparse,0.0,sparse,0.0
811,sparse,sparse,,sparse,0.0,sparse,0.0,sparse,0.0,sparse,0.0,sparse,0.0,sparse,0.0
812,sparse,sparse,,sparse,0.0,sparse,0.0,sparse,0.0,sparse,0.0,sparse,0.0,sparse,0.0
813,sparse,sparse,,sparse,0.0,sparse,0.0,sparse,0.0,sparse,0.0,sparse,0.0,sparse,0.0
814,sparse,sparse,,sparse,0.0,sparse,0.0,sparse,0.0,sparse,0.0,sparse,0.0,sparse,0.0
815,sparse,sparse,,sparse,0.0,sparse,0.0,sparse,0.0,sparse,0.0,sparse,0.0,sparse,0.0
816,sparse,sparse,,sparse,0.0,sparse,0.0,sparse,0.0,sparse,0.0,sparse,0.0,sparse,0.0
817,sparse,sparse,,sparse,0.0,sparse,0.0,sparse,0.0,sparse,0.0,sparse,0.0,sparse,0.0
818,sparse,sparse,,sparse,0.0,sparse,0.0,sparse,0.0,sparse,0.0,sparse,0.0,sparse,0.0
819,sparse,sparse,,sparse,0.0,sparse,0.0,sparse,0.0,sparse,0.0,sparse,0.0,sparse,0.0
820,sparse,sparse,,sparse,0.0,sparse,0.0,sparse,0.0,sparse,0.0,sparse,0.0,sparse,0.0
821,sparse,sparse,,sparse,0.0,sparse,0.0,sparse,0.0,sparse,0.0,sparse,0.0,sparse,0.0
822,sparse,sparse,,sparse,0.0,sparse,0.0,sparse,0.0,sparse,0.0,sparse,0.0,sparse,0.0
823,sparse,sparse,,sparse,0.0,sparse,0.0,sparse,0.0,sparse,0.0,sparse,0.0,sparse,0.0
824,sparse,sparse,,sparse,0.0,sparse,0.0,sparse,0.0,sparse,0.0,sparse,0.0,sparse,0.0
825,sparse,open,,open,0.0,open,0.0,open,0.0,open,2e-06,open,5e-06,open,1e-06
826,sparse,sparse,,sparse,0.0,sparse,0.0,sparse,0.0,sparse,2e-06,sparse,0.0,sparse,1e-06
827,sparse,sparse,,sparse,1.3e-05,sparse,5e-06,sparse,0.0,sparse,1e-06,sparse,3e-06,sparse,4.3e-05
828,sparse,sparse,,sparse,0.0,sparse,0.0,sparse,0.0,sparse,0.0,sparse,0.0,sparse,0.0
829,sparse,open,,sparse,0.071275,open,0.121088,sparse,0.086906,open,0.112538,open,0.181783,sparse,0.109867
830,sparse,sparse,,sparse,0.0,sparse,0.0,sparse,0.0,sparse,0.0,sparse,0.0,sparse,0.0
831,sparse,sparse,,sparse,0.0,sparse,0.0,sparse,0.0,sparse,0.0,sparse,0.0,sparse,0.0
832,sparse,sparse,,sparse,0.0,sparse,0.0,sparse,0.0,sparse,0.0,sparse,0.0,sparse,0.0
833,sparse,sparse,,sparse,0.0,sparse,0.0,sparse,0.0,sparse,0.0,sparse,0.0,sparse,0.0
834,sparse,sparse,,sparse,0.0,sparse,0.0,sparse,0.0,sparse,0.0,sparse,0.0,sparse,0.0
835,sparse,sparse,,sparse,0.0,sparse,0.0,sparse,0.0,sparse,0.0,sparse,0.0,sparse,0.0
836,sparse,sparse,,sparse,0.0,sparse,0.0,sparse,0.0,sparse,0.0,sparse,0.0,sparse,0.0
837,sparse,sparse,,sparse,0.0,sparse,1e-06,sparse,5e-06,sparse,5e-06,sparse,0.004138,sparse,5e-06
838,sparse,sparse,,sparse,0.0,sparse,0.0,sparse,0.0,sparse,0.0,sparse,2e-06,sparse,0.0
839,sparse,sparse,,sparse,0.001324,sparse,0.019113,sparse,0.014659,sparse,0.029115,sparse,0.104382,sparse,0.042926
840,sparse,sparse,,sparse,0.0,sparse,0.0,sparse,0.0,sparse,0.0,sparse,0.0,sparse,0.0
841,sparse,sparse,,sparse,5e-06,sparse,0.000478,sparse,1.3e-05,sparse,0.015562,sparse,3.7e-05,sparse,7.8e-05
842,sparse,sparse,,sparse,0.0,sparse,0.0,sparse,0.0,sparse,0.0,sparse,0.0,sparse,0.0
843,sparse,sparse,,sparse,0.0,sparse,0.0,sparse,0.0,sparse,0.0,sparse,0.0,sparse,0.0
844,sparse,sparse,,sparse,0.0,sparse,0.0,sparse,0.0,sparse,0.0,sparse,0.0,sparse,0.0
845,sparse,sparse,,sparse,0.000674,sparse,0.002761,sparse,8.5e-05,sparse,0.000802,sparse,0.000609,sparse,0.000551
846,sparse,sparse,,sparse,0.003717,sparse,0.000466,sparse,0.000636,sparse,0.001738,sparse,0.000282,sparse,0.001865
847,sparse,sparse,,sparse,0.0,sparse,0.0,sparse,0.0,sparse,0.0,sparse,0.0,sparse,0.0
848,sparse,sparse,,sparse,0.0,sparse,0.0,sparse,0.0,sparse,0.0,sparse,0.0,sparse,0.0
849,sparse,sparse,,sparse,0.0,sparse,0.0,sparse,0.0,sparse,0.0,sparse,0.0,sparse,0.0
850,sparse,sparse,,sparse,0.0,sparse,0.0,sparse,0.0,sparse,0.0,sparse,0.0,sparse,0.0
851,sparse,sparse,,sparse,1e-06,sparse,0.0,sparse,0.0,sparse,1e-06,sparse,0.0,sparse,0.0
852,sparse,sparse,,sparse,0.0,sparse,0.0,sparse,0.0,sparse,0.0,sparse,0.0,sparse,0.0
853,sparse,open,,open,0.0,open,0.0,open,0.0,open,0.0,open,0.0,open,0.0
854,sparse,sparse,,sparse,0.0,sparse,0.0,sparse,0.0,sparse,0.0,sparse,0.0,sparse,0.0
855,sparse,sparse,,sparse,0.0,sparse,0.0,sparse,1e-06,sparse,1.1e-05,sparse,6e-06,sparse,9e-06
856,sparse,sparse,,sparse,0.0,sparse,0.0,sparse,0.0,sparse,0.0,sparse,0.0,sparse,0.0
857,sparse,sparse,,sparse,0.0,sparse,0.0,sparse,0.0,sparse,6e-06,sparse,3e-06,sparse,2e-06
858,sparse,sparse,,sparse,0.0,sparse,0.0,sparse,0.0,sparse,0.0,sparse,0.0,sparse,0.0
859,sparse,sparse,,sparse,0.0,sparse,0.0,sparse,0.0,sparse,0.0,sparse,0.0,sparse,0.0
860,sparse,sparse,,sparse,0.0,sparse,0.0,sparse,1e-06,sparse,0.0,sparse,0.0,sparse,0.0
861,sparse,sparse,,sparse,0.0,sparse,0.0,sparse,0.0,sparse,0.0,sparse,0.0,sparse,0.0
862,sparse,open,,open,0.0,open,0.0,open,0.0,open,0.0,open,0.0,open,0.0
863,sparse,sparse,,sparse,0.0,sparse,0.0,sparse,0.0,sparse,4e-06,sparse,0.0,sparse,0.0
864,sparse,sparse,,sparse,0.0,sparse,0.0,sparse,0.0,sparse,0.0,sparse,0.0,sparse,0.0
865,sparse,sparse,,sparse,0.0,sparse,1e-06,sparse,1e-06,sparse,1.3e-05,sparse,1e-05,sparse,6e-06
866,sparse,sparse,,sparse,0.000333,sparse,2e-06,sparse,4e-05,sparse,0.01022,sparse,0.000205,sparse,0.00447
867,sparse,sparse,,sparse,0.0,sparse,0.0,sparse,0.0,sparse,0.0,sparse,0.0,sparse,0.0
868,sparse,sparse,,sparse,0.0,sparse,0.0,sparse,0.0,sparse,0.0,sparse,0.0,sparse,0.0
869,sparse,sparse,,sparse,0.0,sparse,0.0,sparse,0.0,sparse,0.0,sparse,0.0,sparse,0.0
870,sparse,sparse,,sparse,0.0,sparse,0.0,sparse,0.0,sparse,0.0,sparse,0.0,sparse,0.0
871,sparse,sparse,,sparse,0.0,sparse,0.0,sparse,0.0,sparse,0.0,sparse,0.0,sparse,0.0
872,sparse,sparse,,sparse,0.0,sparse,0.0,sparse,0.0,sparse,0.0,sparse,0.0,sparse,0.0
873,sparse,sparse,,sparse,0.0,sparse,0.0,sparse,0.0,sparse,0.0,sparse,0.0,sparse,0.0
874,sparse,sparse,,sparse,0.0,sparse,0.0,sparse,0.0,sparse,0.0,sparse,0.0,sparse,0.0
875,sparse,sparse,,sparse,0.0,sparse,2e-06,sparse,0.0,sparse,1.2e-05,sparse,1.9e-05,sparse,0.000413
876,sparse,sparse,,sparse,7.8e-05,sparse,5e-06,sparse,6.2e-05,sparse,2.2e-05,sparse,1.4e-05,sparse,1e-05
877,sparse,sparse,,sparse,0.0,sparse,0.0,sparse,0.0,sparse,0.0,sparse,0.0,sparse,0.0
878,sparse,sparse,,sparse,0.0,sparse,0.0,sparse,0.0,sparse,0.0,sparse,0.0,sparse,0.0
879,sparse,open,,open,0.011674,open,0.099003,sparse,0.033756,open,0.053662,open,0.054493,sparse,0.039592
880,sparse,sparse,,sparse,0.000324,sparse,0.002915,sparse,0.002662,sparse,0.00829,sparse,0.011223,sparse,0.002603
881,sparse,sparse,,sparse,0.002376,sparse,0.001737,sparse,0.006351,sparse,0.007009,sparse,0.003103,sparse,0.012728
882,sparse,sparse,,sparse,2.7e-05,sparse,6e-05,sparse,0.001361,sparse,4.5e-05,sparse,3.3e-05,sparse,0.000195
883,sparse,sparse,,sparse,0.0,sparse,0.0,sparse,8e-06,sparse,0.00014,sparse,0.000117,sparse,9e-06
884,sparse,sparse,,sparse,0.0,sparse,0.0,sparse,0.0,sparse,0.0,sparse,0.0,sparse,0.0
885,sparse,sparse,,sparse,0.0,sparse,0.0,sparse,0.0,sparse,0.0,sparse,0.0,sparse,0.0
886,sparse,sparse,,sparse,2e-06,sparse,0.0,sparse,1.1e-05,sparse,1.6e-05,sparse,5.2e-05,sparse,2.7e-05
887,sparse,sparse,,sparse,1e-06,sparse,0.0,sparse,0.004165,sparse,0.002186,sparse,3.4e-05,sparse,6.7e-05
888,sparse,dense,,dense,0.000197,dense,0.313961,dense,0.001805,dense,0.010497,dense,0.017849,dense,0.02367
889,sparse,sparse,,sparse,1e-06,sparse,0.0,sparse,1.3e-05,sparse,4e-06,sparse,4.3e-05,sparse,7.1e-05
890,sparse,dense,,dense,0.390001,dense,0.03679,dense,0.243263,sparse,0.367525,dense,0.393812,dense,0.384897
891,sparse,sparse,,sparse,0.0,sparse,0.002142,sparse,0.000172,sparse,0.000218,sparse,8.4e-05,sparse,0.00188
892,sparse,sparse,,sparse,0.0,sparse,0.0,sparse,0.0,sparse,0.0,sparse,0.0,sparse,0.0
893,sparse,sparse,,sparse,0.0,sparse,0.0,sparse,0.0,sparse,0.0,sparse,0.0,sparse,0.0
894,sparse,sparse,,sparse,0.0,sparse,0.0,sparse,0.0,sparse,0.0,sparse,0.0,sparse,0.0
895,sparse,sparse,,sparse,0.0,sparse,0.0,sparse,0.0,sparse,0.0,sparse,0.0,sparse,0.0
896,sparse,sparse,,sparse,1.8e-05,sparse,0.000456,sparse,0.002259,sparse,0.00014,sparse,0.000173,sparse,0.000177
897,sparse,sparse,,sparse,0.0,sparse,0.0,sparse,0.0,sparse,0.0,sparse,0.0,sparse,0.0
898,sparse,sparse,,sparse,0.0,sparse,0.0,sparse,0.0,sparse,0.0,sparse,0.0,sparse,0.0
899,sparse,sparse,,sparse,0.0,sparse,0.0,sparse,0.0,sparse,1e-06,sparse,0.0,sparse,0.0
900,sparse,sparse,,sparse,0.0,sparse,0.0,sparse,0.0,sparse,0.0,sparse,0.0,sparse,0.0
901,sparse,sparse,,sparse,0.0,sparse,0.0,sparse,0.0,sparse,0.0,sparse,0.0,sparse,0.0
902,sparse,dense,,dense,0.001623,dense,0.274021,dense,0.067342,dense,0.105396,dense,0.088536,dense,0.207055
903,sparse,sparse,,sparse,0.0,sparse,0.0,sparse,0.0,sparse,0.0,sparse,0.0,sparse,0.0
904,sparse,sparse,,sparse,0.0,sparse,0.0,sparse,0.0,sparse,0.0,sparse,0.0,sparse,0.0
905,sparse,sparse,,sparse,0.0,sparse,0.0,sparse,0.0,sparse,0.0,sparse,0.0,sparse,0.0
906,sparse,sparse,,sparse,0.0,sparse,0.0,sparse,3.3e-05,sparse,5e-06,sparse,1e-06,sparse,1.4e-05
907,sparse,sparse,,sparse,0.0,sparse,0.0,sparse,0.0,sparse,0.0,sparse,0.0,sparse,0.0
908,sparse,sparse,,sparse,0.0,sparse,0.0,sparse,0.0,sparse,0.0,sparse,0.0,sparse,0.0
909,sparse,sparse,,sparse,0.0,sparse,0.0,sparse,0.0,sparse,0.0,sparse,0.0,sparse,0.0
910,sparse,sparse,,sparse,0.0,sparse,0.0,sparse,0.0,sparse,0.0,sparse,0.0,sparse,0.0
911,sparse,sparse,,sparse,0.0,sparse,0.0,sparse,0.0,sparse,0.0,sparse,0.0,sparse,0.0
912,sparse,sparse,,sparse,0.0,sparse,0.0,sparse,0.0,sparse,0.0,sparse,0.0,sparse,0.0
913,sparse,sparse,,sparse,0.0,sparse,0.0,sparse,0.0,sparse,0.0,sparse,0.0,sparse,0.0
914,sparse,sparse,,sparse,0.0,sparse,0.0,sparse,0.0,sparse,0.0,sparse,0.0,sparse,0.0
915,sparse,sparse,,sparse,0.0,sparse,0.0,sparse,0.0,sparse,0.0,sparse,0.0,sparse,0.0
916,sparse,sparse,,sparse,0.0,sparse,0.0,sparse,0.0,sparse,0.0,sparse,0.0,sparse,0.0
917,sparse,sparse,,sparse,0.0,sparse,0.0,sparse,0.0,sparse,0.0,sparse,0.0,sparse,0.0
918,sparse,sparse,,sparse,0.0,sparse,0.0,sparse,0.0,sparse,0.0,sparse,0.0,sparse,0.0
919,sparse,sparse,,sparse,0.000149,sparse,0.001856,sparse,0.010603,sparse,0.071874,sparse,0.047302,sparse,0.024264
920,sparse,open,,open,0.014592,open,0.287691,sparse,0.119079,sparse,0.229621,sparse,0.474023,open,0.199437
921,sparse,sparse,,sparse,0.0,sparse,0.0,sparse,0.0,sparse,0.0,sparse,0.0,sparse,0.0
922,sparse,open,,open,1.4e-05,open,1.3e-05,open,0.0,open,2.2e-05,open,0.001049,open,6.2e-05
923,sparse,sparse,,sparse,0.0,sparse,0.0,sparse,0.0,sparse,0.0,sparse,0.0,sparse,0.0
924,sparse,sparse,,sparse,0.0,sparse,0.0,sparse,0.0,sparse,0.0,sparse,0.0,sparse,0.0
925,sparse,sparse,,sparse,0.0,sparse,0.0,sparse,0.0,sparse,0.0,sparse,0.0,sparse,0.0
926,sparse,sparse,,sparse,0.0,sparse,0.0,sparse,0.0,sparse,0.0,sparse,0.0,sparse,0.0
927,sparse,sparse,,sparse,0.0,sparse,0.0,sparse,0.0,sparse,0.0,sparse,0.0,sparse,0.0
928,sparse,sparse,,sparse,0.0,sparse,0.0,sparse,0.0,sparse,0.0,sparse,0.0,sparse,0.0
929,sparse,sparse,,sparse,0.0,sparse,0.0,sparse,0.0,sparse,0.0,sparse,0.0,sparse,0.0
930,sparse,sparse,,sparse,0.0,sparse,0.0,sparse,0.0,sparse,0.0,sparse,0.0,sparse,0.0
931,sparse,sparse,,sparse,0.0,sparse,0.0,sparse,0.0,sparse,0.0,sparse,0.0,sparse,0.0
932,sparse,sparse,,sparse,0.0,sparse,0.0,sparse,0.0,sparse,0.0,sparse,0.0,sparse,0.0
933,sparse,sparse,,sparse,0.0,sparse,0.0,sparse,0.0,sparse,0.0,sparse,0.0,sparse,0.0
934,sparse,sparse,,sparse,0.0,sparse,0.0,sparse,0.0,sparse,0.0,sparse,0.0,sparse,0.0
935,sparse,sparse,,sparse,0.0,sparse,0.0,sparse,0.0,sparse,0.0,sparse,0.0,sparse,0.0
936,sparse,sparse,,sparse,0.0,sparse,0.0,sparse,0.0,sparse,0.0,sparse,0.0,sparse,0.0
937,sparse,sparse,,sparse,0.0,sparse,0.0,sparse,0.0,sparse,0.0,sparse,0.0,sparse,0.0
938,sparse,sparse,,sparse,6e-06,sparse,0.0,sparse,1.1e-05,sparse,9.6e-05,sparse,0.000765,sparse,4.1e-05
939,sparse,sparse,,sparse,0.0,sparse,0.0,sparse,0.0,sparse,0.0,sparse,2e-06,sparse,0.0
940,sparse,sparse,,sparse,0.0,sparse,0.0,sparse,0.0,sparse,0.0,sparse,0.0,sparse,0.0
941,sparse,sparse,,sparse,0.0,sparse,0.0,sparse,0.0,sparse,0.0,sparse,0.0,sparse,0.0
942,sparse,open,,open,0.030193,open,0.000286,open,0.005727,open,0.016384,open,0.055155,open,0.007074
943,sparse,open,,open,0.026957,open,0.1138,open,0.188055,open,0.417775,open,0.408942,open,0.270627
944,sparse,open,,sparse,0.041298,sparse,0.530027,sparse,0.035963,sparse,0.682463,sparse,0.282017,sparse,0.161512
945,sparse,sparse,,sparse,0.0,sparse,0.0,sparse,0.0,sparse,0.0,sparse,0.0,sparse,0.0
946,sparse,sparse,,sparse,0.0,sparse,2.5e-05,sparse,0.0,sparse,0.0,sparse,0.0,sparse,0.0
947,sparse,sparse,,sparse,0.000126,sparse,0.000141,sparse,5e-06,sparse,2e-05,sparse,2e-06,sparse,1.6e-05
948,sparse,sparse,,sparse,0.0,sparse,6e-06,sparse,1e-06,sparse,2e-06,sparse,7e-06,sparse,1.9e-05
949,sparse,sparse,,sparse,8e-06,sparse,8.3e-05,sparse,0.00027,sparse,0.000913,sparse,0.000314,sparse,0.000667
950,sparse,sparse,,sparse,0.0,sparse,3e-06,sparse,0.000644,sparse,2.1e-05,sparse,0.000483,sparse,0.000175
951,sparse,sparse,,sparse,0.0,sparse,0.0,sparse,0.0,sparse,0.0,sparse,0.0,sparse,0.0
952,sparse,sparse,,sparse,0.0,sparse,0.0,sparse,0.0,sparse,0.0,sparse,0.0,sparse,0.0
953,sparse,sparse,,sparse,0.0,sparse,0.0,sparse,0.0,sparse,0.0,sparse,0.0,sparse,0.0
954,sparse,sparse,,sparse,0.0,sparse,0.0,sparse,0.0,sparse,0.0,sparse,0.0,sparse,0.0
955,sparse,sparse,,sparse,7.1e-05,sparse,0.057125,sparse,0.055322,sparse,0.047098,sparse,0.213809,sparse,0.12339
956,sparse,sparse,,sparse,4e-06,sparse,0.000356,sparse,7e-06,sparse,0.000818,sparse,5.5e-05,sparse,1.4e-05
957,sparse,sparse,,sparse,0.0,sparse,0.0,sparse,0.0,sparse,0.0,sparse,0.0,sparse,0.0
958,sparse,sparse,,sparse,1e-06,sparse,0.009857,sparse,0.063375,sparse,0.01475,sparse,0.000988,sparse,0.027439
959,sparse,sparse,,sparse,0.0,sparse,0.0,sparse,0.0,sparse,0.0,sparse,0.0,sparse,0.0
960,sparse,sparse,,sparse,0.0,sparse,0.0,sparse,0.0,sparse,0.0,sparse,0.0,sparse,0.0
961,sparse,sparse,,sparse,0.0,sparse,0.0,sparse,0.0,sparse,0.0,sparse,0.0,sparse,0.0
962,sparse,sparse,,sparse,0.0,sparse,0.0,sparse,0.0,sparse,0.0,sparse,1e-06,sparse,0.0
963,sparse,sparse,,sparse,0.0,sparse,0.0,sparse,0.0,sparse,0.0,sparse,0.0,sparse,0.0
964,sparse,sparse,,sparse,0.0,sparse,0.0,sparse,0.0,sparse,0.0,sparse,0.0,sparse,0.0
965,sparse,sparse,,sparse,0.0,sparse,0.0,sparse,0.0,sparse,0.0,sparse,0.0,sparse,0.0
966,sparse,sparse,,sparse,0.0,sparse,0.0,sparse,0.0,sparse,0.0,sparse,0.0,sparse,6e-06
967,sparse,sparse,,sparse,0.0,sparse,0.0,sparse,0.0,sparse,0.0,sparse,0.0,sparse,0.0
968,sparse,sparse,,sparse,0.0,sparse,0.0,sparse,0.0,sparse,0.0,sparse,0.0,sparse,0.0
969,sparse,open,,open,0.029179,open,0.006276,open,0.001434,open,0.027201,open,0.093954,open,0.005188
970,sparse,dense,,dense,0.002782,dense,0.025817,dense,0.05893,dense,0.058143,dense,0.077929,dense,0.039768
971,sparse,sparse,,sparse,1e-06,sparse,0.0,sparse,0.0,sparse,0.0,sparse,0.0,sparse,0.0
972,sparse,sparse,,sparse,0.0,sparse,0.0,sparse,0.0,sparse,0.0,sparse,0.0,sparse,0.0
973,sparse,sparse,,sparse,0.0,sparse,0.0,sparse,0.0,sparse,0.0,sparse,0.0,sparse,0.0
974,sparse,sparse,,sparse,0.0,sparse,0.0,sparse,0.0,sparse,0.0,sparse,0.0,sparse,0.0
975,sparse,sparse,,sparse,0.0,sparse,0.0,sparse,0.0,sparse,0.0,sparse,0.0,sparse,0.0
976,sparse,sparse,,sparse,0.001076,sparse,0.257486,sparse,0.335004,sparse,0.323267,sparse,0.180061,sparse,0.169768
977,sparse,sparse,,sparse,0.0,sparse,0.0,sparse,0.0,sparse,0.0,sparse,0.0,sparse,0.0
978,sparse,sparse,,sparse,0.0,sparse,0.0,sparse,0.0,sparse,0.0,sparse,0.0,sparse,0.0
979,sparse,sparse,,sparse,0.0,sparse,0.0,sparse,0.0,sparse,0.0,sparse,0.0,sparse,0.0
980,sparse,sparse,,sparse,0.0,sparse,0.0,sparse,0.0,sparse,0.0,sparse,0.0,sparse,0.0
981,sparse,sparse,,sparse,0.0,sparse,0.0,sparse,0.0,sparse,0.0,sparse,0.0,sparse,0.0
982,sparse,sparse,,sparse,0.0,sparse,0.0,sparse,0.0,sparse,0.0,sparse,0.0,sparse,0.0
983,sparse,sparse,,sparse,0.000597,sparse,0.000165,sparse,0.003097,sparse,0.014181,sparse,0.001187,sparse,0.001183
984,sparse,sparse,,sparse,0.0,sparse,0.0,sparse,0.0,sparse,0.0,sparse,0.0,sparse,0.0
985,sparse,sparse,,sparse,0.0,sparse,0.0,sparse,0.0,sparse,0.0,sparse,0.0,sparse,0.0
986,sparse,sparse,,sparse,0.0,sparse,0.0,sparse,0.0,sparse,0.0,sparse,0.0,sparse,0.0
987,sparse,sparse,,sparse,0.028366,sparse,0.014102,sparse,0.007419,sparse,0.113516,sparse,0.048542,sparse,0.063186
988,sparse,sparse,,sparse,0.0,sparse,0.0,sparse,0.0,sparse,0.0,sparse,0.0,sparse,0.0
989,sparse,sparse,,sparse,0.0,sparse,4e-06,sparse,0.0,sparse,0.0,sparse,1e-06,sparse,0.0
990,sparse,sparse,,sparse,0.0,sparse,0.0,sparse,0.0,sparse,0.0,sparse,0.0,sparse,0.0
991,sparse,sparse,,sparse,0.0,sparse,0.0,sparse,6e-06,sparse,0.0,sparse,0.0,sparse,0.0
992,sparse,sparse,,sparse,0.0,sparse,0.0,sparse,0.0,sparse,0.0,sparse,0.0,sparse,0.0
993,sparse,sparse,,sparse,0.0,sparse,0.0,sparse,0.0,sparse,0.0,sparse,0.0,sparse,0.0
994,sparse,sparse,,sparse,0.0,sparse,0.0,sparse,0.0,sparse,0.0,sparse,0.0,sparse,0.0
995,sparse,sparse,,sparse,0.0,sparse,0.0,sparse,0.0,sparse,0.0,sparse,0.0,sparse,0.0
996,sparse,sparse,,sparse,0.0,sparse,0.0,sparse,0.0,sparse,0.0,sparse,0.0,sparse,0.0
997,sparse,sparse,,sparse,0.0,sparse,0.0,sparse,0.0,sparse,0.0,sparse,0.0,sparse,0.0
998,sparse,sparse,,sparse,0.0,sparse,0.0,sparse,0.0,sparse,0.0,sparse,0.0,sparse,0.0
999,sparse,sparse,,sparse,0.0,sparse,0.0,sparse,0.0,sparse,0.0,sparse,0.0,sparse,0.0
1000,sparse,sparse,,sparse,0.0,sparse,0.0,sparse,0.0,sparse,0.0,sparse,0.0,sparse,0.0
1001,sparse,sparse,,sparse,0.0,sparse,0.0,sparse,0.0,sparse,0.0,sparse,0.0,sparse,0.0
1002,sparse,sparse,,sparse,0.0,sparse,0.0,sparse,0.0,sparse,0.0,sparse,0.0,sparse,0.0
1003,sparse,sparse,,sparse,0.0,sparse,0.0,sparse,0.0,sparse,0.0,sparse,0.0,sparse,0.0
1004,sparse,sparse,,sparse,0.0,sparse,0.0,sparse,0.0,sparse,0.0,sparse,0.0,sparse,0.0
1005,sparse,sparse,,sparse,0.0,sparse,0.0,sparse,0.0,sparse,0.0,sparse,0.0,sparse,0.0
1006,sparse,sparse,,sparse,0.0,sparse,0.0,sparse,0.0,sparse,0.0,sparse,0.0,sparse,0.0
1007,sparse,sparse,,sparse,0.0,sparse,0.0,sparse,0.0,sparse,0.0,sparse,0.0,sparse,0.0
1008,sparse,sparse,,sparse,0.0,sparse,0.0,sparse,0.0,sparse,0.0,sparse,0.0,sparse,0.0
1009,sparse,sparse,,sparse,0.0,sparse,0.0,sparse,0.0,sparse,0.0,sparse,0.0,sparse,0.0
1010,sparse,sparse,,sparse,0.0,sparse,0.0,sparse,0.0,sparse,0.0,sparse,0.0,sparse,0.0
1011,sparse,sparse,,sparse,0.0,sparse,0.0,sparse,0.0,sparse,0.0,sparse,0.0,sparse,0.0
1012,sparse,sparse,,sparse,0.0,sparse,0.0,sparse,0.0,sparse,0.0,sparse,0.0,sparse,0.0
1013,sparse,sparse,,sparse,0.0,sparse,0.0,sparse,0.0,sparse,0.0,sparse,0.0,sparse,0.0
1014,sparse,sparse,,sparse,0.0,sparse,0.0,sparse,0.0,sparse,0.0,sparse,0.0,sparse,0.0
1015,sparse,sparse,,sparse,0.0,sparse,0.0,sparse,0.0,sparse,0.0,sparse,0.0,sparse,0.0
1016,sparse,sparse,,sparse,0.0,sparse,0.0,sparse,0.0,sparse,0.0,sparse,0.0,sparse,0.0
1017,sparse,sparse,,sparse,0.0,sparse,0.0,sparse,0.0,sparse,0.0,sparse,0.0,sparse,0.0
1018,sparse,sparse,,sparse,0.0,sparse,0.0,sparse,0.0,sparse,0.0,sparse,0.0,sparse,0.0
1019,sparse,sparse,,sparse,0.0,sparse,0.0,sparse,0.0,sparse,0.0,sparse,0.0,sparse,0.0
1020,sparse,sparse,,sparse,0.0,sparse,0.0,sparse,0.0,sparse,0.0,sparse,0.0,sparse,0.0
1021,sparse,sparse,,sparse,0.0,sparse,0.0,sparse,0.0,sparse,0.0,sparse,0.0,sparse,0.0
1022,sparse,sparse,,sparse,0.0,sparse,0.0,sparse,0.0,sparse,0.0,sparse,0.0,sparse,0.0
1023,sparse,sparse,,sparse,0.0,sparse,0.0,sparse,0.0,sparse,0.0,sparse,0.0,sparse,0.0
1024,sparse,sparse,,sparse,0.0,sparse,0.0,sparse,0.0,sparse,0.0,sparse,0.0,sparse,0.0
1025,sparse,sparse,,sparse,0.0,sparse,0.0,sparse,0.0,sparse,0.0,sparse,0.0,sparse,0.0
1026,sparse,sparse,,sparse,0.0,sparse,0.0,sparse,0.0,sparse,0.0,sparse,0.0,sparse,0.0
1027,sparse,sparse,,sparse,0.0,sparse,0.0,sparse,0.0,sparse,0.0,sparse,0.0,sparse,0.0
1028,sparse,sparse,,sparse,0.0,sparse,0.0,sparse,0.0,sparse,0.0,sparse,0.0,sparse,0.0
1029,sparse,sparse,,sparse,0.0,sparse,0.0,sparse,0.0,sparse,0.0,sparse,0.0,sparse,0.0
1030,sparse,sparse,,sparse,0.0,sparse,0.0,sparse,0.0,sparse,0.0,sparse,0.0,sparse,0.0
1031,sparse,sparse,,sparse,0.0,sparse,0.0,sparse,0.0,sparse,0.0,sparse,0.0,sparse,0.0
1032,sparse,sparse,,sparse,0.0,sparse,0.0,sparse,0.0,sparse,0.0,sparse,0.0,sparse,0.0
1033,sparse,sparse,,sparse,0.0,sparse,0.0,sparse,0.0,sparse,0.0,sparse,0.0,sparse,0.0
1034,sparse,sparse,,sparse,0.0,sparse,0.0,sparse,0.0,sparse,0.0,sparse,0.0,sparse,0.0
1035,sparse,sparse,,sparse,0.0,sparse,0.0,sparse,0.0,sparse,0.0,sparse,0.0,sparse,0.0
1036,sparse,sparse,,sparse,1.8e-05,sparse,8.3e-05,sparse,0.010668,sparse,0.001522,sparse,0.000247,sparse,0.000367
1037,sparse,sparse,,sparse,0.0,sparse,0.0,sparse,0.0,sparse,0.0,sparse,0.0,sparse,0.0
1038,sparse_leafless,sparse_leafless,,sparse_leafless,1e-06,sparse_leafless,1.8e-05,sparse_leafless,5e-06,sparse_leafless,0.000136,sparse_leafless,1e-05,sparse_leafless,3.9e-05
1039,sparse_leafless,sparse_leafless,,sparse_leafless,2.3e-05,sparse_leafless,5.3e-05,sparse_leafless,7e-06,sparse_leafless,0.000595,sparse_leafless,7.7e-05,sparse_leafless,0.000423
1040,sparse_leafless,sparse_leafless,,sparse_leafless,0.0,sparse_leafless,0.0,sparse_leafless,3e-06,sparse_leafless,0.0,sparse_leafless,0.0,sparse_leafless,0.0
1041,sparse_leafless,sparse_leafless,,sparse_leafless,0.0,sparse_leafless,0.0,sparse_leafless,0.0,sparse_leafless,0.0,sparse_leafless,0.0,sparse_leafless,0.0
1042,sparse_leafless,sparse_leafless,,sparse_leafless,0.0,sparse_leafless,0.0,sparse_leafless,0.0,sparse_leafless,0.0,sparse_leafless,0.0,sparse_leafless,0.0
1043,sparse_leafless,sparse_leafless,,sparse_leafless,0.0,sparse_leafless,0.0,sparse_leafless,0.0,sparse_leafless,0.0,sparse_leafless,7e-06,sparse_leafless,2e-06
1044,sparse_leafless,sparse_leafless,,sparse_leafless,0.0,sparse_leafless,0.0,sparse_leafless,0.0,sparse_leafless,0.0,sparse_leafless,0.0,sparse_leafless,0.0
1045,sparse_leafless,sparse_leafless,,sparse_leafless,0.0,sparse_leafless,0.0,sparse_leafless,0.0,sparse_leafless,0.0,sparse_leafless,0.0,sparse_leafless,0.0
1046,sparse_leafless,sparse_leafless,,sparse_leafless,0.0,sparse_leafless,0.0,sparse_leafless,0.0,sparse_leafless,0.0,sparse_leafless,0.0,sparse_leafless,0.0
1047,sparse_leafless,sparse_leafless,,sparse_leafless,0.0,sparse_leafless,0.0,sparse_leafless,0.0,sparse_leafless,0.0,sparse_leafless,0.0,sparse_leafless,0.0
1048,sparse_leafless,sparse_leafless,,sparse_leafless,0.0,sparse_leafless,0.0,sparse_leafless,0.0,sparse_leafless,0.0,sparse_leafless,0.0,sparse_leafless,0.0
1049,sparse_leafless,sparse_leafless,,sparse_leafless,0.0,sparse_leafless,0.0,sparse_leafless,0.0,sparse_leafless,0.0,sparse_leafless,0.0,sparse_leafless,0.0
1050,sparse_leafless,sparse_leafless,,sparse_leafless,0.0,sparse_leafless,0.0,sparse_leafless,2e-05,sparse_leafless,1.9e-05,sparse_leafless,0.0,sparse_leafless,0.0
1051,sparse_leafless,sparse_leafless,,sparse_leafless,0.0,sparse_leafless,0.0,sparse_leafless,0.0,sparse_leafless,0.0,sparse_leafless,0.0,sparse_leafless,0.0
1052,sparse_leafless,sparse_leafless,,sparse_leafless,0.0,sparse_leafless,0.0,sparse_leafless,0.0,sparse_leafless,0.0,sparse_leafless,1.1e-05,sparse_leafless,2e-06
1053,sparse_leafless,open_leafless,,open_leafless,3e-06,open_leafless,4e-06,open_leafless,0.000286,open_leafless,0.000942,open_leafless,0.0001,open_leafless,0.000155
1054,sparse_leafless,sparse_leafless,,sparse_leafless,0.0,sparse_leafless,0.0,sparse_leafless,0.0,sparse_leafless,0.0,sparse_leafless,0.0,sparse_leafless,0.0
1055,sparse_leafless,sparse_leafless,,sparse_leafless,0.0,sparse_leafless,1e-06,sparse_leafless,0.0,sparse_leafless,0.0,sparse_leafless,1e-06,sparse_leafless,0.0
1056,sparse_leafless,sparse_leafless,,sparse_leafless,0.0,sparse_leafless,0.0,sparse_leafless,0.0,sparse_leafless,0.0,sparse_leafless,0.0,sparse_leafless,0.0
1057,sparse_leafless,sparse_leafless,,sparse_leafless,0.0,sparse_leafless,0.0,sparse_leafless,0.0,sparse_leafless,0.0,sparse_leafless,0.0,sparse_leafless,0.0
1058,sparse_leafless,sparse_leafless,,sparse_leafless,0.0,sparse_leafless,0.0,sparse_leafless,0.0,sparse_leafless,0.0,sparse_leafless,0.0,sparse_leafless,0.0
1059,sparse_leafless,sparse_leafless,,sparse_leafless,0.0,sparse_leafless,0.0,sparse_leafless,0.0,sparse_leafless,0.0,sparse_leafless,0.0,sparse_leafless,0.0
1060,sparse_leafless,sparse_leafless,,sparse_leafless,0.0,sparse_leafless,0.0,sparse_leafless,0.0,sparse_leafless,0.0,sparse_leafless,0.0,sparse_leafless,0.0
1061,sparse_leafless,sparse_leafless,,sparse_leafless,0.0,sparse_leafless,0.0,sparse_leafless,0.0,sparse_leafless,0.0,sparse_leafless,0.0,sparse_leafless,0.0
1062,sparse_leafless,sparse_leafless,,sparse_leafless,0.0,sparse_leafless,0.0,sparse_leafless,0.0,sparse_leafless,0.0,sparse_leafless,0.0,sparse_leafless,0.0
1063,sparse_leafless,sparse_leafless,,sparse_leafless,0.0,sparse_leafless,0.0,sparse_leafless,0.0,sparse_leafless,0.0,sparse_leafless,0.0,sparse_leafless,0.0
1064,sparse_leafless,sparse_leafless,,sparse_leafless,0.0,sparse_leafless,0.0,sparse_leafless,0.0,sparse_leafless,0.0,sparse_leafless,0.0,sparse_leafless,0.0
1065,sparse_leafless,sparse_leafless,,sparse_leafless,0.0,sparse_leafless,0.0,sparse_leafless,2e-06,sparse_leafless,0.0,sparse_leafless,1e-06,sparse_leafless,0.0
1066,sparse_leafless,sparse_leafless,,sparse_leafless,0.0,sparse_leafless,0.0,sparse_leafless,0.0,sparse_leafless,0.0,sparse_leafless,0.0,sparse_leafless,0.0
1067,sparse_leafless,sparse_leafless,,sparse_leafless,0.0,sparse_leafless,0.0,sparse_leafless,0.0,sparse_leafless,0.0,sparse_leafless,0.0,sparse_leafless,0.0
1068,sparse_leafless,sparse_leafless,,sparse_leafless,0.0,sparse_leafless,0.0,sparse_leafless,0.0,sparse_leafless,0.0,sparse_leafless,0.0,sparse_leafless,0.0
1069,sparse_leafless,sparse_leafless,,sparse_leafless,0.0,sparse_leafless,0.0,sparse_leafless,0.0,sparse_leafless,0.0,sparse_leafless,0.0,sparse_leafless,0.0
1070,sparse_leafless,sparse_leafless,,sparse_leafless,0.0,sparse_leafless,0.0,sparse_leafless,0.0,sparse_leafless,0.0,sparse_leafless,0.0,sparse_leafless,0.0
1071,sparse_leafless,sparse_leafless,,sparse_leafless,0.0,sparse_leafless,0.0,sparse_leafless,0.0,sparse_leafless,0.0,sparse_leafless,0.0,sparse_leafless,0.0
1072,sparse_leafless,sparse_leafless,,sparse_leafless,0.0,sparse_leafless,0.0,sparse_leafless,0.0,sparse_leafless,0.0,sparse_leafless,0.0,sparse_leafless,0.0
1073,sparse_leafless,sparse_leafless,,sparse_leafless,1e-06,sparse_leafless,1.7e-05,sparse_leafless,2.2e-05,sparse_leafless,6e-06,sparse_leafless,3.4e-05,sparse_leafless,2.7e-05
1074,sparse_leafless,sparse_leafless,,sparse_leafless,0.0,sparse_leafless,0.0,sparse_leafless,0.0,sparse_leafless,0.0,sparse_leafless,0.0,sparse_leafless,0.0
1075,sparse_leafless,sparse_leafless,,sparse_leafless,0.0,sparse_leafless,0.0,sparse_leafless,0.0,sparse_leafless,0.0,sparse_leafless,0.0,sparse_leafless,0.0
1076,sparse_leafless,sparse_leafless,,sparse_leafless,0.004351,sparse_leafless,8.1e-05,sparse_leafless,0.007982,sparse_leafless,0.002371,sparse_leafless,0.006138,sparse_leafless,0.007057
1077,sparse_leafless,sparse_leafless,,sparse_leafless,0.0,sparse_leafless,1e-06,sparse_leafless,1e-06,sparse_leafless,1e-06,sparse_leafless,0.0,sparse_leafless,0.0
1078,sparse_leafless,sparse_leafless,,sparse_leafless,0.0,sparse_leafless,0.0,sparse_leafless,0.0,sparse_leafless,0.0,sparse_leafless,0.0,sparse_leafless,0.0
1079,sparse_leafless,sparse_leafless,,sparse_leafless,1e-06,sparse_leafless,7.9e-05,sparse_leafless,1e-06,sparse_leafless,7e-06,sparse_leafless,8e-06,sparse_leafless,2.2e-05
1080,sparse_leafless,sparse_leafless,,sparse_leafless,1e-06,sparse_leafless,1e-06,sparse_leafless,0.0,sparse_leafless,1e-06,sparse_leafless,0.0,sparse_leafless,0.0
1081,sparse_leafless,sparse_leafless,,sparse_leafless,0.0,sparse_leafless,0.0,sparse_leafless,1e-06,sparse_leafless,0.0,sparse_leafless,1e-06,sparse_leafless,0.0
1082,sparse_leafless,open_leafless,,open_leafless,0.003848,sparse_leafless,0.156953,open_leafless,0.302468,open_leafless,0.066153,sparse_leafless,0.205319,open_leafless,0.205237
1083,sparse_leafless,open_leafless,,open_leafless,1.9e-05,open_leafless,5e-05,open_leafless,0.000531,open_leafless,0.007341,open_leafless,0.000981,open_leafless,0.000334
1084,sparse_leafless,sparse_leafless,,sparse_leafless,0.0,sparse_leafless,0.0,sparse_leafless,0.0,sparse_leafless,0.0,sparse_leafless,0.0,sparse_leafless,0.0
1085,sparse_leafless,sparse_leafless,,sparse_leafless,0.0,sparse_leafless,0.0,sparse_leafless,0.0,sparse_leafless,0.0,sparse_leafless,0.0,sparse_leafless,0.0
1086,sparse_leafless,sparse_leafless,,sparse_leafless,1.5e-05,sparse_leafless,0.0,sparse_leafless,1e-06,sparse_leafless,4e-06,sparse_leafless,1e-06,sparse_leafless,1.1e-05
1087,sparse_leafless,sparse_leafless,,sparse_leafless,0.0,sparse_leafless,0.0,sparse_leafless,0.0,sparse_leafless,0.0,sparse_leafless,1e-06,sparse_leafless,0.0
1088,sparse_leafless,sparse_leafless,,sparse_leafless,2e-06,sparse_leafless,1e-06,sparse_leafless,1e-06,sparse_leafless,0.0,sparse_leafless,2e-06,sparse_leafless,1e-06
1089,sparse_leafless,open_leafless,,sparse_leafless,0.314063,sparse_leafless,0.088255,open_leafless,0.099318,sparse_leafless,0.191933,sparse_leafless,0.170799,sparse_leafless,0.136739
1090,sparse_leafless,sparse_leafless,,sparse_leafless,0.006386,sparse_leafless,0.006244,sparse_leafless,0.026319,sparse_leafless,0.044501,sparse_leafless,0.020213,sparse_leafless,0.024772
1091,sparse_leafless,sparse_leafless,,sparse_leafless,0.106464,sparse_leafless,0.001508,sparse_leafless,0.01186,sparse_leafless,0.107548,sparse_leafless,0.031405,sparse_leafless,0.058812
1092,sparse_leafless,sparse_leafless,,sparse_leafless,0.0,sparse_leafless,0.0,sparse_leafless,0.0,sparse_leafless,0.0,sparse_leafless,0.0,sparse_leafless,0.0
1093,sparse_leafless,sparse_leafless,,sparse_leafless,0.0,sparse_leafless,0.0,sparse_leafless,0.0,sparse_leafless,0.0,sparse_leafless,0.0,sparse_leafless,0.0
1094,sparse_leafless,sparse_leafless,,sparse_leafless,0.0,sparse_leafless,0.0,sparse_leafless,0.0,sparse_leafless,0.0,sparse_leafless,0.0,sparse_leafless,0.0
1095,sparse_leafless,sparse_leafless,,sparse_leafless,0.0,sparse_leafless,0.0,sparse_leafless,0.0,sparse_leafless,0.0,sparse_leafless,0.0,sparse_leafless,0.0
1096,sparse_leafless,sparse_leafless,,sparse_leafless,0.0,sparse_leafless,0.0,sparse_leafless,0.0,sparse_leafless,0.0,sparse_leafless,0.0,sparse_leafless,0.0
1097,sparse_leafless,sparse_leafless,,sparse_leafless,0.0,sparse_leafless,0.0,sparse_leafless,0.0,sparse_leafless,0.0,sparse_leafless,0.0,sparse_leafless,0.0
1098,sparse_leafless,sparse_leafless,,sparse_leafless,0.0,sparse_leafless,0.0,sparse_leafless,0.0,sparse_leafless,0.0,sparse_leafless,0.0,sparse_leafless,0.0
1099,sparse_leafless,sparse_leafless,,sparse_leafless,0.0,sparse_leafless,0.0,sparse_leafless,0.0,sparse_leafless,0.0,sparse_leafless,0.0,sparse_leafless,0.0
1100,sparse_leafless,sparse_leafless,,sparse_leafless,4e-06,sparse_leafless,1.8e-05,sparse_leafless,0.000327,sparse_leafless,2.9e-05,sparse_leafless,0.00011,sparse_leafless,5.6e-05
1101,sparse_leafless,sparse_leafless,,sparse_leafless,1e-06,sparse_leafless,2e-06,sparse_leafless,9e-06,sparse_leafless,9.6e-05,sparse_leafless,4e-06,sparse_leafless,4e-06
1102,sparse_leafless,sparse_leafless,,sparse_leafless,0.0,sparse_leafless,0.0,sparse_leafless,0.0,sparse_leafless,0.0,sparse_leafless,0.0,sparse_leafless,0.0
1103,sparse_leafless,sparse_leafless,,sparse_leafless,9e-06,sparse_leafless,1e-06,sparse_leafless,3e-06,sparse_leafless,0.000489,sparse_leafless,3.6e-05,sparse_leafless,5.8e-05
1104,sparse_leafless,sparse_leafless,,sparse_leafless,0.0,sparse_leafless,0.0,sparse_leafless,0.0,sparse_leafless,0.0,sparse_leafless,0.0,sparse_leafless,0.0
1105,sparse_leafless,sparse_leafless,,sparse_leafless,0.0,sparse_leafless,0.0,sparse_leafless,0.0,sparse_leafless,0.0,sparse_leafless,0.0,sparse_leafless,0.0
1106,sparse_leafless,sparse_leafless,,sparse_leafless,0.0,sparse_leafless,0.0,sparse_leafless,0.0,sparse_leafless,0.0,sparse_leafless,0.0,sparse_leafless,0.0
1107,sparse_leafless,sparse_leafless,,sparse_leafless,0.0,sparse_leafless,1e-06,sparse_leafless,1e-06,sparse_leafless,1e-06,sparse_leafless,1e-06,sparse_leafless,7e-06
1108,sparse_leafless,sparse_leafless,,sparse_leafless,1e-06,sparse_leafless,0.0,sparse_leafless,1e-06,sparse_leafless,1e-06,sparse_leafless,1e-06,sparse_leafless,1e-06
1109,sparse_leafless,sparse_leafless,,sparse_leafless,2e-06,sparse_leafless,0.0,sparse_leafless,3e-06,sparse_leafless,5e-06,sparse_leafless,1e-06,sparse_leafless,2e-06
1110,sparse_leafless,sparse_leafless,,sparse_leafless,3e-06,sparse_leafless,2.4e-05,sparse_leafless,8e-06,sparse_leafless,1e-05,sparse_leafless,1.2e-05,sparse_leafless,3e-06
1111,sparse_leafless,sparse_leafless,,sparse_leafless,0.0,sparse_leafless,0.0,sparse_leafless,0.0,sparse_leafless,0.0,sparse_leafless,0.0,sparse_leafless,0.0
1112,sparse_leafless,sparse_leafless,,sparse_leafless,0.0,sparse_leafless,0.0,sparse_leafless,0.0,sparse_leafless,0.0,sparse_leafless,0.0,sparse_leafless,0.0
1113,sparse_leafless,sparse_leafless,,sparse_leafless,0.0,sparse_leafless,0.0,sparse_leafless,0.0,sparse_leafless,0.0,sparse_leafless,0.0,sparse_leafless,0.0
1114,sparse_leafless,dense_leafless,,dense_leafless,0.0,dense_leafless,0.0,dense_leafless,0.0,dense_leafless,0.0,dense_leafless,0.0,dense_leafless,0.0
1115,sparse_leafless,sparse_leafless,,sparse_leafless,0.0,sparse_leafless,0.0,sparse_leafless,0.0,sparse_leafless,0.0,sparse_leafless,0.0,sparse_leafless,0.0
1116,sparse_leafless,sparse_leafless,,sparse_leafless,0.0,sparse_leafless,0.0,sparse_leafless,0.0,sparse_leafless,0.0,sparse_leafless,0.0,sparse_leafless,0.0
1117,sparse_leafless,sparse_leafless,,sparse_leafless,0.0,sparse_leafless,0.0,sparse_leafless,0.0,sparse_leafless,0.0,sparse_leafless,0.0,sparse_leafless,0.0
1118,sparse_leafless,sparse_leafless,,sparse_leafless,0.001186,sparse_leafless,1.3e-05,sparse_leafless,0.002424,sparse_leafless,0.031777,sparse_leafless,0.039872,sparse_leafless,0.001122
1119,sparse_leafless,sparse_leafless,,sparse_leafless,0.0,sparse_leafless,3e-06,sparse_leafless,0.0,sparse_leafless,0.0,sparse_leafless,1e-06,sparse_leafless,1e-06
1120,sparse_leafless,sparse_leafless,,sparse_leafless,0.0,sparse_leafless,0.0,sparse_leafless,0.0,sparse_leafless,0.0,sparse_leafless,0.0,sparse_leafless,0.0
1121,sparse_leafless,sparse_leafless,,sparse_leafless,0.0,sparse_leafless,0.0,sparse_leafless,0.0,sparse_leafless,0.0,sparse_leafless,0.0,sparse_leafless,0.0
1122,sparse_leafless,sparse_leafless,,sparse_leafless,0.0,sparse_leafless,0.0,sparse_leafless,0.0,sparse_leafless,0.0,sparse_leafless,0.0,sparse_leafless,0.0
1123,sparse_leafless,sparse_leafless,,sparse_leafless,2e-06,sparse_leafless,2e-06,sparse_leafless,4.8e-05,sparse_leafless,0.000129,sparse_leafless,0.000144,sparse_leafless,0.000659
1124,sparse_leafless,sparse_leafless,,sparse_leafless,5e-06,sparse_leafless,6e-06,sparse_leafless,0.0,sparse_leafless,4e-06,sparse_leafless,7e-06,sparse_leafless,5e-06
1125,sparse_leafless,sparse_leafless,,sparse_leafless,0.0,sparse_leafless,0.0,sparse_leafless,0.0,sparse_leafless,0.0,sparse_leafless,0.0,sparse_leafless,0.0
1126,sparse_leafless,sparse_leafless,,sparse_leafless,0.0,sparse_leafless,1e-06,sparse_leafless,6.7e-05,sparse_leafless,7e-06,sparse_leafless,3.8e-05,sparse_leafless,1.3e-05
1127,sparse_leafless,sparse_leafless,,sparse_leafless,0.0,sparse_leafless,0.0,sparse_leafless,0.0,sparse_leafless,0.0,sparse_leafless,0.0,sparse_leafless,0.0
1128,sparse_leafless,sparse_leafless,,sparse_leafless,0.0,sparse_leafless,0.0,sparse_leafless,0.0,sparse_leafless,0.0,sparse_leafless,0.0,sparse_leafless,0.0
1129,sparse_leafless,sparse_leafless,,sparse_leafless,0.0,sparse_leafless,0.0,sparse_leafless,0.0,sparse_leafless,0.0,sparse_leafless,0.0,sparse_leafless,2e-06
1130,sparse_leafless,sparse_leafless,,sparse_leafless,0.0,sparse_leafless,0.0,sparse_leafless,0.0,sparse_leafless,1e-06,sparse_leafless,4e-06,sparse_leafless,3e-06
1131,sparse_leafless,sparse_leafless,,sparse_leafless,0.0,sparse_leafless,0.0,sparse_leafless,0.0,sparse_leafless,0.0,sparse_leafless,0.0,sparse_leafless,0.0
1132,sparse_leafless,sparse_leafless,,sparse_leafless,0.0,sparse_leafless,0.0,sparse_leafless,0.0,sparse_leafless,0.0,sparse_leafless,0.0,sparse_leafless,0.0
1133,sparse_leafless,sparse_leafless,,sparse_leafless,0.0,sparse_leafless,0.0,sparse_leafless,0.0,sparse_leafless,0.0,sparse_leafless,0.0,sparse_leafless,0.0
1134,sparse_leafless,dense_leafless,,dense_leafless,0.240554,dense_leafless,0.076918,dense_leafless,0.032979,dense_leafless,0.114881,dense_leafless,0.17021,dense_leafless,0.16071
1135,sparse_leafless,sparse_leafless,,sparse_leafless,0.0,sparse_leafless,0.0,sparse_leafless,0.0,sparse_leafless,0.0,sparse_leafless,0.0,sparse_leafless,0.0
1136,sparse_leafless,sparse_leafless,,sparse_leafless,2e-06,sparse_leafless,1.1e-05,sparse_leafless,3e-06,sparse_leafless,6e-06,sparse_leafless,5.4e-05,sparse_leafless,6e-06
1137,sparse_leafless,sparse_leafless,,sparse_leafless,1.1e-05,sparse_leafless,3.4e-05,sparse_leafless,0.000391,sparse_leafless,0.00189,sparse_leafless,0.005176,sparse_leafless,0.001026
1138,sparse_leafless,sparse_leafless,,sparse_leafless,1e-06,sparse_leafless,3e-05,sparse_leafless,1e-06,sparse_leafless,5e-06,sparse_leafless,5.8e-05,sparse_leafless,5.1e-05
1139,sparse_leafless,sparse_leafless,,sparse_leafless,3.6e-05,sparse_leafless,6e-05,sparse_leafless,1.5e-05,sparse_leafless,0.000359,sparse_leafless,5.7e-05,sparse_leafless,0.000173
1140,sparse_leafless,sparse_leafless,,sparse_leafless,0.0,sparse_leafless,0.0,sparse_leafless,0.0,sparse_leafless,0.0,sparse_leafless,0.0,sparse_leafless,0.0
1141,sparse_leafless,sparse_leafless,,sparse_leafless,0.0,sparse_leafless,0.0,sparse_leafless,0.0,sparse_leafless,0.0,sparse_leafless,0.0,sparse_leafless,0.0
1142,sparse_leafless,sparse_leafless,,sparse_leafless,0.005141,sparse_leafless,0.1049,sparse_leafless,0.000131,sparse_leafless,0.117921,sparse_leafless,0.016504,sparse_leafless,0.031462
1143,sparse_leafless,sparse_leafless,,sparse_leafless,0.0,sparse_leafless,0.0,sparse_leafless,0.0,sparse_leafless,0.0,sparse_leafless,0.0,sparse_leafless,0.0
1144,sparse_leafless,sparse_leafless,,sparse_leafless,0.0,sparse_leafless,0.0,sparse_leafless,0.0,sparse_leafless,0.0,sparse_leafless,0.0,sparse_leafless,0.0
1145,sparse_leafless,sparse_leafless,,sparse_leafless,0.000147,sparse_leafless,0.000963,sparse_leafless,0.001496,sparse_leafless,0.000304,sparse_leafless,0.00051,sparse_leafless,0.002588
1146,sparse_leafless,sparse_leafless,,sparse_leafless,5e-06,sparse_leafless,0.0,sparse_leafless,8e-06,sparse_leafless,1.5e-05,sparse_leafless,1e-05,sparse_leafless,4e-05
1147,sparse_leafless,sparse_leafless,,sparse_leafless,2e-06,sparse_leafless,7.1e-05,sparse_leafless,0.000365,sparse_leafless,0.001018,sparse_leafless,0.00303,sparse_leafless,0.001319
1148,sparse_leafless,sparse_leafless,,sparse_leafless,0.030089,sparse_leafless,0.003418,sparse_leafless,0.01317,sparse_leafless,0.023573,sparse_leafless,0.127572,sparse_leafless,0.006903
1149,sparse_leafless,open_leafless,,open_leafless,0.019252,open_leafless,0.049466,open_leafless,0.105024,open_leafless,0.151203,open_leafless,0.107096,open_leafless,0.103432
1150,sparse_leafless,sparse_leafless,,sparse_leafless,0.000215,sparse_leafless,0.012866,sparse_leafless,0.035801,sparse_leafless,0.011737,sparse_leafless,0.060275,sparse_leafless,0.021433
1151,sparse_leafless,open_leafless,,open_leafless,0.004414,open_leafless,0.009732,open_leafless,0.000345,open_leafless,0.000975,open_leafless,0.000585,open_leafless,0.011176
1152,sparse_leafless,open_leafless,,open_leafless,0.000107,open_leafless,0.033767,open_leafless,0.040169,open_leafless,0.009187,open_leafless,0.030486,open_leafless,0.124773
1153,sparse_leafless,sparse_leafless,,sparse_leafless,0.0,sparse_leafless,0.0,sparse_leafless,0.0,sparse_leafless,0.0,sparse_leafless,1e-06,sparse_leafless,0.0
1154,sparse_leafless,open_leafless,,open_leafless,0.008792,open_leafless,0.066256,open_leafless,0.011145,open_leafless,0.218496,open_leafless,0.088202,open_leafless,0.061034
1155,sparse_leafless,sparse_leafless,,sparse_leafless,1.7e-05,sparse_leafless,2.9e-05,sparse_leafless,1e-06,sparse_leafless,2e-06,sparse_leafless,6e-06,sparse_leafless,5.9e-05
1156,sparse_leafless,sparse_leafless,,sparse_leafless,3e-06,sparse_leafless,4.7e-05,sparse_leafless,2e-06,sparse_leafless,7e-06,sparse_leafless,5.8e-05,sparse_leafless,8e-06
1157,sparse_leafless,dense_leafless,,dense_leafless,3.9e-05,dense_leafless,2.8e-05,dense_leafless,1.5e-05,dense_leafless,0.001118,dense_leafless,0.000279,dense_leafless,0.000125
1158,sparse_leafless,sparse_leafless,,sparse_leafless,0.000983,sparse_leafless,0.000639,sparse_leafless,0.003432,sparse_leafless,0.003175,sparse_leafless,0.005519,sparse_leafless,0.006805
1159,sparse_leafless,sparse_leafless,,sparse_leafless,0.003123,sparse_leafless,0.087281,sparse_leafless,0.270644,sparse_leafless,0.188861,sparse_leafless,0.163856,sparse_leafless,0.191676
1160,sparse_leafless,sparse_leafless,,sparse_leafless,0.000319,sparse_leafless,0.001504,sparse_leafless,0.002604,sparse_leafless,0.016082,sparse_leafless,0.001029,sparse_leafless,0.000941
1161,sparse_leafless,dense_leafless,,dense_leafless,0.0,dense_leafless,0.0,dense_leafless,9e-06,dense_leafless,6.6e-05,dense_leafless,2e-06,dense_leafless,7e-06
1162,sparse_leafless,sparse_leafless,,sparse_leafless,3.8e-05,sparse_leafless,0.000893,sparse_leafless,0.000279,sparse_leafless,0.007536,sparse_leafless,0.0002,sparse_leafless,0.000249
1163,sparse_leafless,open_leafless,,sparse_leafless,0.187909,open_leafless,0.106532,open_leafless,0.141591,open_leafless,0.469996,open_leafless,0.269831,open_leafless,0.25252
1164,sparse_leafless,sparse_leafless,,sparse_leafless,0.117201,sparse_leafless,0.029313,sparse_leafless,0.166746,sparse_leafless,0.078122,sparse_leafless,0.188801,sparse_leafless,0.177453
1165,sparse_leafless,sparse_leafless,,sparse_leafless,0.553229,sparse_leafless,0.039334,sparse_leafless,0.109428,sparse_leafless,0.053257,sparse_leafless,0.089132,sparse_leafless,0.113443
1166,sparse_leafless,sparse_leafless,,sparse_leafless,0.0,sparse_leafless,0.0,sparse_leafless,0.0,sparse_leafless,0.0,sparse_leafless,0.0,sparse_leafless,1.7e-05
1167,sparse_leafless,sparse_leafless,,sparse_leafless,0.0,sparse_leafless,0.0,sparse_leafless,0.0,sparse_leafless,0.0,sparse_leafless,0.0,sparse_leafless,0.0
1168,sparse_leafless,sparse_leafless,,sparse_leafless,0.0,sparse_leafless,1e-06,sparse_leafless,0.0,sparse_leafless,1e-06,sparse_leafless,0.0,sparse_leafless,0.0
1169,sparse_leafless,sparse_leafless,,sparse_leafless,0.0,sparse_leafless,0.0,sparse_leafless,0.0,sparse_leafless,0.0,sparse_leafless,0.0,sparse_leafless,0.0
1170,sparse_leafless,sparse_leafless,,sparse_leafless,0.0,sparse_leafless,0.0,sparse_leafless,0.0,sparse_leafless,0.0,sparse_leafless,0.0,sparse_leafless,0.0
1171,sparse_leafless,open,,open,0.023666,open,0.18556,open,0.004397,open,0.1138,open,0.030699,open,0.034658
1172,sparse_leafless,sparse_leafless,,sparse_leafless,0.0,sparse_leafless,0.0,sparse_leafless,0.0,sparse_leafless,0.0,sparse_leafless,0.0,sparse_leafless,0.0
1173,sparse_leafless,sparse_leafless,,sparse_leafless,0.0,sparse_leafless,0.0,sparse_leafless,0.0,sparse_leafless,0.0,sparse_leafless,0.0,sparse_leafless,0.0
1174,sparse_leafless,sparse_leafless,,sparse_leafless,0.0,sparse_leafless,0.0,sparse_leafless,0.0,sparse_leafless,0.0,sparse_leafless,0.0,sparse_leafless,0.0
1175,sparse_leafless,sparse_leafless,,sparse_leafless,1e-06,sparse_leafless,4.9e-05,sparse_leafless,1.5e-05,sparse_leafless,2.4e-05,sparse_leafless,4.7e-05,sparse_leafless,6e-06
1176,sparse_leafless,sparse_leafless,,sparse_leafless,7e-06,sparse_leafless,1e-05,sparse_leafless,1.1e-05,sparse_leafless,2e-06,sparse_leafless,0.000117,sparse_leafless,6e-06
1177,sparse_leafless,sparse_leafless,,sparse_leafless,0.000583,sparse_leafless,0.002899,sparse_leafless,0.003382,sparse_leafless,0.003819,sparse_leafless,0.012268,sparse_leafless,0.018715
1178,sparse_leafless,sparse_leafless,,sparse_leafless,0.0,sparse_leafless,0.0,sparse_leafless,0.0,sparse_leafless,0.0,sparse_leafless,0.0,sparse_leafless,0.0
1179,sparse_leafless,sparse_leafless,,sparse_leafless,0.0,sparse_leafless,0.0,sparse_leafless,0.0,sparse_leafless,0.0,sparse_leafless,0.0,sparse_leafless,0.0
1180,sparse_leafless,dense_leafless,,sparse_leafless,0.069114,sparse_leafless,0.078552,sparse_leafless,0.047695,sparse_leafless,0.146261,sparse_leafless,0.455453,sparse_leafless,0.151672
1181,sparse_leafless,dense_leafless,,dense_leafless,2e-06,dense_leafless,0.000333,dense_leafless,6e-06,dense_leafless,0.000229,dense_leafless,0.00024,dense_leafless,0.000974
1182,sparse_leafless,sparse_leafless,,sparse_leafless,0.0,sparse_leafless,0.0,sparse_leafless,0.0,sparse_leafless,0.0,sparse_leafless,0.0,sparse_leafless,0.0
1183,sparse_leafless,sparse_leafless,,sparse_leafless,0.0,sparse_leafless,0.0,sparse_leafless,0.0,sparse_leafless,0.0,sparse_leafless,0.0,sparse_leafless,0.0
1184,sparse_leafless,sparse_leafless,,sparse_leafless,0.0,sparse_leafless,0.0,sparse_leafless,0.0,sparse_leafless,0.0,sparse_leafless,0.0,sparse_leafless,0.0
1185,sparse_leafless,sparse_leafless,,sparse_leafless,0.0,sparse_leafless,0.0,sparse_leafless,0.0,sparse_leafless,0.0,sparse_leafless,0.0,sparse_leafless,0.0
1186,sparse_leafless,sparse_leafless,,sparse_leafless,0.0,sparse_leafless,0.0,sparse_leafless,0.0,sparse_leafless,0.0,sparse_leafless,0.0,sparse_leafless,0.0
1187,sparse_leafless,sparse_leafless,,sparse_leafless,0.0,sparse_leafless,0.0,sparse_leafless,0.0,sparse_leafless,0.0,sparse_leafless,0.0,sparse_leafless,0.0
1188,sparse_leafless,sparse_leafless,,sparse_leafless,0.0,sparse_leafless,0.0,sparse_leafless,0.0,sparse_leafless,0.0,sparse_leafless,0.0,sparse_leafless,0.0
1189,sparse_leafless,sparse_leafless,,sparse_leafless,0.0,sparse_leafless,4e-06,sparse_leafless,1e-06,sparse_leafless,0.0,sparse_leafless,1e-06,sparse_leafless,2e-06
1190,sparse_leafless,sparse_leafless,,sparse_leafless,0.0,sparse_leafless,0.0,sparse_leafless,0.0,sparse_leafless,0.0,sparse_leafless,0.0,sparse_leafless,0.0
1191,sparse_leafless,sparse_leafless,,sparse_leafless,0.0,sparse_leafless,0.0,sparse_leafless,0.0,sparse_leafless,0.0,sparse_leafless,0.0,sparse_leafless,0.0
1192,sparse_leafless,sparse_leafless,,sparse_leafless,1e-06,sparse_leafless,0.0,sparse_leafless,0.0,sparse_leafless,0.0,sparse_leafless,0.0,sparse_leafless,0.0
1193,sparse_leafless,open_leafless,,open_leafless,1.8e-05,open_leafless,1e-05,open_leafless,0.000167,open_leafless,0.000931,open_leafless,0.001691,open_leafless,0.000179
1194,sparse_leafless,sparse_leafless,,sparse_leafless,0.0,sparse_leafless,0.0,sparse_leafless,0.0,sparse_leafless,0.0,sparse_leafless,1e-06,sparse_leafless,0.0
1195,sparse_leafless,sparse_leafless,,sparse_leafless,0.0,sparse_leafless,0.0,sparse_leafless,0.0,sparse_leafless,0.0,sparse_leafless,0.0,sparse_leafless,0.0
1196,sparse_leafless,sparse_leafless,,sparse_leafless,0.0,sparse_leafless,0.0,sparse_leafless,0.0,sparse_leafless,0.0,sparse_leafless,0.0,sparse_leafless,0.0
1197,sparse_leafless,sparse_leafless,,sparse_leafless,5e-06,sparse_leafless,0.0,sparse_leafless,0.0,sparse_leafless,0.0,sparse_leafless,6e-06,sparse_leafless,0.0
1198,sparse_leafless,sparse_leafless,,sparse_leafless,0.0,sparse_leafless,0.0,sparse_leafless,0.0,sparse_leafless,0.0,sparse_leafless,0.0,sparse_leafless,0.0
1199,sparse_leafless,sparse_leafless,,sparse_leafless,0.0,sparse_leafless,0.0,sparse_leafless,0.0,sparse_leafless,0.0,sparse_leafless,0.0,sparse_leafless,0.0
1200,sparse_leafless,sparse_leafless,,sparse_leafless,0.0,sparse_leafless,0.0,sparse_leafless,0.0,sparse_leafless,0.0,sparse_leafless,0.0,sparse_leafless,0.0
1201,sparse_leafless,sparse_leafless,,sparse_leafless,0.0,sparse_leafless,0.0,sparse_leafless,0.0,sparse_leafless,0.0,sparse_leafless,0.0,sparse_leafless,0.0
1202,sparse_leafless,sparse_leafless,,sparse_leafless,0.0,sparse_leafless,0.0,sparse_leafless,0.0,sparse_leafless,0.0,sparse_leafless,4e-06,sparse_leafless,0.0
1203,sparse_leafless,sparse_leafless,,sparse_leafless,0.0,sparse_leafless,2e-06,sparse_leafless,7e-06,sparse_leafless,1e-06,sparse_leafless,2e-06,sparse_leafless,5e-06
1204,sparse_leafless,sparse_leafless,,sparse_leafless,0.0,sparse_leafless,0.0,sparse_leafless,0.0,sparse_leafless,0.0,sparse_leafless,0.0,sparse_leafless,0.0
1205,sparse_leafless,sparse_leafless,,sparse_leafless,0.0,sparse_leafless,0.0,sparse_leafless,0.0,sparse_leafless,1e-06,sparse_leafless,3e-06,sparse_leafless,0.000103
1206,sparse_leafless,sparse_leafless,,sparse_leafless,0.0,sparse_leafless,0.0,sparse_leafless,0.0,sparse_leafless,0.0,sparse_leafless,0.0,sparse_leafless,1e-06
1207,sparse_leafless,sparse_leafless,,sparse_leafless,7e-05,sparse_leafless,0.000135,sparse_leafless,0.000762,sparse_leafless,0.004078,sparse_leafless,0.000433,sparse_leafless,0.004188
1208,sparse_leafless,sparse_leafless,,sparse_leafless,1e-06,sparse_leafless,0.0,sparse_leafless,0.0,sparse_leafless,0.0,sparse_leafless,3.2e-05,sparse_leafless,0.000527
1209,sparse_leafless,sparse_leafless,,sparse_leafless,0.000572,sparse_leafless,1.2e-05,sparse_leafless,4.5e-05,sparse_leafless,8.3e-05,sparse_leafless,0.000876,sparse_leafless,0.000454
1210,sparse_leafless,sparse_leafless,,sparse_leafless,0.0,sparse_leafless,1.3e-05,sparse_leafless,4.5e-05,sparse_leafless,0.0,sparse_leafless,1e-06,sparse_leafless,0.0
1211,sparse_leafless,sparse_leafless,,sparse_leafless,0.0,sparse_leafless,3e-06,sparse_leafless,0.0,sparse_leafless,0.0,sparse_leafless,0.0,sparse_leafless,0.0
1212,sparse_leafless,sparse_leafless,,sparse_leafless,0.0,sparse_leafless,0.0,sparse_leafless,0.0,sparse_leafless,0.0,sparse_leafless,0.0,sparse_leafless,0.0
1213,sparse_leafless,sparse_leafless,,sparse_leafless,0.0,sparse_leafless,0.0,sparse_leafless,0.0,sparse_leafless,0.0,sparse_leafless,0.0,sparse_leafless,0.0
1214,sparse_leafless,sparse_leafless,,sparse_leafless,0.0,sparse_leafless,0.000197,sparse_leafless,2e-06,sparse_leafless,1e-06,sparse_leafless,5e-06,sparse_leafless,2e-06
1215,sparse_leafless,sparse_leafless,,sparse_leafless,0.0,sparse_leafless,0.0,sparse_leafless,0.0,sparse_leafless,0.0,sparse_leafless,0.0,sparse_leafless,0.0
1216,sparse_leafless,sparse_leafless,,sparse_leafless,0.0,sparse_leafless,0.0,sparse_leafless,0.0,sparse_leafless,0.0,sparse_leafless,0.0,sparse_leafless,0.0
1217,sparse_snow,sparse_snow,,sparse_snow,1e-06,sparse_snow,0.0,sparse_snow,0.0,sparse_snow,5e-06,sparse_snow,3e-06,sparse_snow,7e-06
1218,sparse_snow,sparse_snow,,sparse_snow,0.000332,sparse_snow,0.000286,sparse_snow,0.005319,sparse_snow,0.040302,sparse_snow,0.013589,sparse_snow,0.016083
1219,sparse_snow,open_snow,,open_snow,0.002054,open_snow,0.086303,open_snow,0.026658,open_snow,0.150986,open_snow,0.083732,open_snow,0.096508
1220,sparse_snow,sparse_snow,,sparse_snow,0.043997,sparse_snow,0.004868,sparse_snow,0.265582,sparse_snow,0.105192,sparse_snow,0.097236,sparse_snow,0.089083
1221,sparse_snow,sparse_snow,,sparse_snow,3.4e-05,sparse_snow,1e-05,sparse_snow,0.045671,sparse_snow,0.012915,sparse_snow,0.006443,sparse_snow,0.056891
1222,sparse_snow,sparse_snow,,sparse_snow,0.187097,sparse_snow,0.061156,sparse_snow,0.010637,sparse_snow,0.032738,sparse_snow,0.080522,sparse_snow,0.097097
1223,sparse_snow,open_snow,,sparse_snow,0.116802,sparse_snow,0.011556,sparse_snow,0.263699,sparse_snow,0.013697,sparse_snow,0.183005,sparse_snow,0.124601
1224,sparse_snow,sparse_snow,,sparse_snow,1e-06,sparse_snow,1.2e-05,sparse_snow,5e-06,sparse_snow,5.9e-05,sparse_snow,1.8e-05,sparse_snow,8.3e-05
1225,sparse_snow,open_snow,,sparse_snow,0.043609,sparse_snow,0.234008,sparse_snow,0.223995,sparse_snow,0.294506,sparse_snow,0.212263,sparse_snow,0.183924
1226,sparse_snow,sparse_snow,,sparse_snow,2.3e-05,sparse_snow,1.5e-05,sparse_snow,2e-06,sparse_snow,3e-06,sparse_snow,2.7e-05,sparse_snow,7e-06
1227,sparse_snow,sparse_snow,,sparse_snow,0.031296,sparse_snow,0.000529,sparse_snow,0.001389,sparse_snow,0.019614,sparse_snow,0.017367,sparse_snow,0.031442
1228,sparse_snow,sparse_snow,,sparse_snow,0.0,sparse_snow,0.0,sparse_snow,0.0,sparse_snow,0.0,sparse_snow,0.0,sparse_snow,0.0
1229,sparse_snow,sparse_snow,,sparse_snow,0.003059,sparse_snow,0.0021,sparse_snow,0.004716,sparse_snow,0.000666,sparse_snow,0.003042,sparse_snow,0.005415
1230,sparse_snow,sparse_snow,,sparse_snow,0.0,sparse_snow,1.7e-05,sparse_snow,1e-06,sparse_snow,6e-06,sparse_snow,9e-06,sparse_snow,1e-05
1231,sparse_snow,sparse_snow,,sparse_snow,2e-06,sparse_snow,4.2e-05,sparse_snow,9e-06,sparse_snow,0.000121,sparse_snow,0.000187,sparse_snow,0.000262
1232,sparse_snow,sparse_snow,,sparse_snow,0.020062,sparse_snow,0.026679,sparse_snow,0.210021,sparse_snow,0.004131,sparse_snow,0.002784,sparse_snow,0.016734
1233,sparse_snow,sparse_snow,,sparse_snow,0.000247,sparse_snow,0.000186,sparse_snow,4e-05,sparse_snow,0.00026,sparse_snow,0.00339,sparse_snow,0.000145
1234,sparse_snow,sparse_snow,,sparse_snow,0.136284,sparse_snow,0.024663,sparse_snow,0.100418,sparse_snow,0.107188,sparse_snow,0.133655,sparse_snow,0.112729
1235,sparse_snow,dense_snow,,dense_snow,0.079907,dense_snow,0.188152,dense_snow,0.295071,dense_leafless,0.306318,dense_snow,0.222247,dense_snow,0.1425
1236,sparse_snow,dense_snow,,dense_snow,0.351443,dense_snow,0.097257,dense_snow,0.026611,dense_snow,0.194952,dense_snow,0.073955,dense_snow,0.16683
1237,sparse_snow,sparse_snow,,sparse_snow,0.234784,sparse_snow,0.026606,sparse_snow,0.240698,sparse_snow,0.120446,sparse_snow,0.266627,sparse_snow,0.178931
1238,sparse_snow,open_snow,,open_snow,0.151776,open_snow,0.073763,open_snow,0.072975,open_snow,0.076961,sparse_snow,0.10961,sparse_snow,0.139826
1239,sparse_snow,sparse_snow,,sparse_snow,0.011966,sparse_snow,0.181731,sparse_snow,0.173218,sparse_snow,0.218291,sparse_snow,0.104415,sparse_snow,0.17631
1240,sparse_snow,sparse_snow,,dense_snow,0.117285,dense_snow,0.184478,sparse_snow,0.093481,dense_snow,0.087546,sparse_snow,0.232075,dense_snow,0.157299
1241,sparse_snow,dense_snow,,sparse_snow,0.105987,sparse_snow,0.061303,sparse_snow,0.082047,sparse_snow,0.064989,sparse_snow,0.158325,sparse_snow,0.177861
1242,sparse_snow,sparse_snow,,dense_snow,0.071616,sparse_snow,0.055587,sparse_snow,0.104696,sparse_snow,0.168936,sparse_snow,0.254436,sparse_snow,0.179086
