sample_idx,true_label,pred_T1,variance_T1,pred_T2,variance_T2,pred_T3,variance_T3,pred_T5,variance_T5,pred_T8,variance_T8,pred_T13,variance_T13,pred_T21,variance_T21
0,dense,sparse,,sparse,2e-06,sparse,7.4e-05,sparse,0.001428,sparse,0.007468,sparse,0.000322,sparse,0.000283
1,dense,dense,,dense,0.0,dense,0.0,dense,0.0,dense,0.0,dense,0.0,dense,0.0
2,dense,dense,,dense,0.0,dense,0.0,dense,0.0,dense,0.0,dense,0.0,dense,0.0
3,dense,dense,,dense,0.006535,dense,0.040618,dense,0.055317,dense,0.422022,dense,0.151267,dense,0.19607
4,dense,sparse,,dense,0.297573,dense,0.131735,dense,0.21033,sparse,0.25128,sparse,0.254405,sparse,0.260549
5,dense,sparse,,sparse,0.122208,sparse,0.44408,sparse,0.024734,sparse,0.017884,sparse,0.048721,sparse,0.083967
6,dense,dense,,dense,3e-06,dense,2.4e-05,dense,0.000525,dense,0.003075,dense,0.000197,dense,0.000357
7,dense,dense,,dense,1e-06,dense,0.0,dense,4.1e-05,dense,0.0,dense,1e-06,dense,1e-06
8,dense,sparse,,sparse,0.000106,sparse,0.162258,sparse,0.014474,sparse,0.024742,sparse,0.031095,sparse,0.22512
9,dense,dense,,dense,3.2e-05,dense,1e-06,dense,1.8e-05,dense,0.000646,dense,2.8e-05,dense,6.1e-05
10,dense,dense,,dense,7e-06,dense,0.000835,dense,1.5e-05,dense,0.00014,dense,0.001883,dense,0.000607
11,dense,dense,,dense,0.008642,dense,0.073019,dense,0.060323,dense,0.093687,dense,0.088209,dense,0.094086
12,dense,dense,,dense,0.0,dense,0.0,dense,0.0,dense,0.0,dense,0.0,dense,0.0
13,dense,dense,,dense,0.065194,dense,0.011019,dense,0.020987,dense,0.124503,dense,0.03457,dense,0.008293
14,dense,dense,,dense,7e-06,dense,0.000261,dense,0.000331,dense,0.041639,dense,0.000678,dense,0.029481
15,dense,dense,,dense,0.0,dense,2.5e-05,dense,1.8e-05,dense,8e-06,dense,0.000151,dense,3e-06
16,dense,dense_leafless,,dense_leafless,0.082056,dense_leafless,0.258856,dense_leafless,0.665584,dense_leafless,0.25087,dense_leafless,0.254409,dense_leafless,0.250045
17,dense,dense,,dense,0.0,dense,0.0,dense,0.0,dense,0.0,dense,0.0,dense,0.0
18,dense,sparse,,sparse,0.012988,sparse,0.005631,sparse,0.070673,sparse,0.001423,sparse,0.056562,sparse,0.024784
19,dense,dense,,dense,0.0,dense,0.0,dense,0.0,dense,1e-06,dense,0.0,dense,1e-06
20,dense,dense,,sparse,0.264708,dense,0.331848,dense,0.202236,dense,0.230295,dense,0.138805,dense,0.200728
21,dense,dense,,dense,1.5e-05,dense,5e-06,dense,5e-06,dense,7e-05,dense,2.3e-05,dense,4e-06
22,dense,dense,,dense,6e-06,dense,6e-06,dense,0.000738,dense,0.001841,dense,7.7e-05,dense,0.000189
23,dense,sparse,,sparse,0.0978,sparse,0.362633,sparse,0.081292,sparse,0.253143,sparse,0.224516,sparse,0.216646
24,dense,sparse,,sparse,4.6e-05,sparse,0.000617,sparse,0.000685,sparse,0.00083,sparse,0.006838,sparse,0.001842
25,dense,dense,,dense,0.000155,dense,0.015219,dense,0.128306,dense,0.268503,dense,0.204354,dense,0.053903
26,dense,dense,,dense,0.0,dense,0.0,dense,0.0,dense,0.0,dense,0.0,dense,0.0
27,dense,dense,,dense,0.0,dense,0.0,dense,0.01069,dense,2e-06,dense,0.000196,dense,4e-06
28,dense,dense,,dense,0.003467,dense,0.00327,dense,2e-06,dense,7.4e-05,dense,6.1e-05,dense,0.001484
29,dense,dense,,dense,0.0,dense,1e-06,dense,0.0,dense,5e-06,dense,1e-05,dense,3e-06
30,dense,dense,,dense,0.0,dense,0.0,dense,1e-06,dense,5e-06,dense,0.0,dense,0.0
31,dense,sparse,,sparse,0.0,sparse,5e-06,sparse,1.1e-05,sparse,7e-06,sparse,1e-06,sparse,7e-06
32,dense,dense,,dense,0.000208,dense,0.000151,dense,3.3e-05,dense,2e-06,dense,0.000288,dense,0.00023
33,dense,sparse,,sparse,0.0,sparse,0.0,sparse,0.0,sparse,0.0,sparse,0.0,sparse,0.0
34,dense,dense,,dense,0.0,dense,0.0,dense,0.0,dense,0.0,dense,0.0,dense,0.0
35,dense,dense,,dense,0.164567,dense,0.084771,dense,0.133099,dense,0.408784,dense,0.200684,dense,0.278596
36,dense,sparse,,dense,0.086328,dense,0.061868,dense,0.239655,dense,0.105312,dense,0.217371,dense,0.101631
37,dense,sparse,,sparse,0.000163,sparse,7e-06,sparse,7e-06,sparse,1e-06,sparse,1e-06,sparse,1e-06
38,dense,sparse,,sparse,5e-06,sparse,1e-06,sparse,0.0,sparse,5e-06,sparse,1.2e-05,sparse,0.000307
39,dense,dense,,dense,0.000176,dense,0.084185,dense,0.010205,dense,0.056757,dense,0.016254,dense,0.044664
40,dense,sparse,,sparse,0.013787,sparse,0.915731,sparse,0.067651,sparse,0.309795,sparse,0.163353,sparse,0.116003
41,dense,dense,,dense,0.0,dense,0.0,dense,0.0,dense,0.0,dense,0.0,dense,0.0
42,dense,dense,,dense,0.0,dense,0.0,dense,0.0,dense,0.0,dense,0.0,dense,0.0
43,dense,dense,,dense,4.8e-05,dense,8.2e-05,dense,0.0,dense,7e-06,dense,0.0,dense,5.9e-05
44,dense,dense,,dense,0.0,dense,0.0,dense,0.0,dense,0.0,dense,0.0,dense,0.0
45,dense,dense,,dense,0.0,dense,0.0,dense,0.0,dense,0.0,dense,0.0,dense,0.0
46,dense,dense,,dense,0.0,dense,0.0,dense,0.0,dense,0.0,dense,0.0,dense,0.0
47,dense,dense,,dense,0.0,dense,0.0,dense,0.0,dense,0.0,dense,0.0,dense,0.0
48,dense,dense,,dense,0.0,dense,0.0,dense,0.0,dense,0.0,dense,0.0,dense,0.0
49,dense,dense,,dense,0.0,dense,0.0,dense,0.0,dense,0.0,dense,0.0,dense,0.0
50,dense,dense,,dense,0.0,dense,0.0,dense,0.0,dense,0.0,dense,0.0,dense,0.0
51,dense,dense,,dense,0.0,dense,0.0,dense,0.0,dense,0.0,dense,0.0,dense,0.0
52,dense,dense,,dense,0.0,dense,0.0,dense,0.0,dense,0.0,dense,0.0,dense,0.0
53,dense,dense,,dense,0.0,dense,0.0,dense,0.0,dense,0.0,dense,0.0,dense,0.0
54,dense,dense,,dense,0.0,dense,0.0,dense,0.0,dense,0.0,dense,0.0,dense,0.0
55,dense,dense,,dense,0.0,dense,0.0,dense,0.0,dense,0.0,dense,0.0,dense,0.0
56,dense,dense,,dense,0.0,dense,0.0,dense,0.0,dense,0.0,dense,0.0,dense,0.0
57,dense,dense,,dense,0.0,dense,0.0,dense,0.0,dense,0.0,dense,0.0,dense,0.0
58,dense,dense,,dense,0.0,dense,0.0,dense,0.0,dense,0.0,dense,0.0,dense,0.0
59,dense,dense,,dense,0.0,dense,0.0,dense,0.0,dense,0.0,dense,0.0,dense,0.0
60,dense,dense,,dense,0.0,dense,0.0,dense,0.0,dense,0.0,dense,0.0,dense,0.0
61,dense,dense,,dense,0.0,dense,0.0,dense,0.0,dense,0.0,dense,0.0,dense,0.0
62,dense,dense,,dense,0.0,dense,0.0,dense,0.0,dense,0.0,dense,0.0,dense,0.0
63,dense,dense,,dense,0.0,dense,0.0,dense,0.0,dense,0.0,dense,0.0,dense,0.0
64,dense,dense,,dense,0.0,dense,0.0,dense,0.0,dense,0.0,dense,0.0,dense,0.0
65,dense,dense,,dense,0.0,dense,0.0,dense,0.0,dense,0.0,dense,0.0,dense,0.0
66,dense,dense,,dense,0.0,dense,0.0,dense,0.0,dense,0.0,dense,0.0,dense,0.0
67,dense,dense,,dense,0.0,dense,0.0,dense,2e-06,dense,1e-06,dense,1e-06,dense,0.0
68,dense,dense,,dense,0.0,dense,0.0,dense,0.0,dense,0.0,dense,0.0,dense,0.0
69,dense,dense,,dense,0.0,dense,2e-06,dense,5e-06,dense,0.0,dense,8.2e-05,dense,1.4e-05
70,dense,dense,,dense,0.0,dense,0.0,dense,0.0,dense,0.0,dense,0.0,dense,0.0
71,dense,dense,,dense,8e-06,dense,7e-06,dense,0.0,dense,0.0,dense,1e-06,dense,6e-06
72,dense,dense,,dense,0.0,dense,0.0,dense,0.0,dense,0.0,dense,0.0,dense,0.0
73,dense,dense,,dense,0.0,dense,0.0,dense,0.0,dense,0.0,dense,0.0,dense,0.0
74,dense,dense,,dense,0.0,dense,1e-06,dense,0.0,dense,0.0,dense,1e-06,dense,0.0
75,dense,dense,,dense,0.0,dense,0.0,dense,0.0,dense,0.0,dense,0.0,dense,0.0
76,dense,dense,,dense,0.0,dense,0.0,dense,0.0,dense,0.0,dense,0.0,dense,0.0
77,dense,dense,,dense,0.0,dense,0.0,dense,0.0,dense,0.0,dense,0.0,dense,0.0
78,dense,dense,,dense,0.0,dense,0.0,dense,0.0,dense,0.0,dense,0.0,dense,0.0
79,dense,dense,,dense,0.0,dense,0.0,dense,0.0,dense,0.0,dense,0.0,dense,0.0
80,dense,dense,,dense,0.0,dense,0.0,dense,0.0,dense,0.0,dense,0.0,dense,0.0
81,dense,dense,,dense,0.0,dense,0.0,dense,0.0,dense,0.0,dense,0.0,dense,0.0
82,dense,dense,,dense,0.0,dense,0.0,dense,0.0,dense,0.0,dense,0.0,dense,0.0
83,dense,dense,,dense,0.000304,dense,0.007702,dense,0.034036,dense,0.046437,dense,0.089492,dense,0.029572
84,dense,dense,,dense,0.027168,dense,0.311561,dense,0.708503,dense,0.027437,dense,0.057381,dense,0.047633
85,dense_leafless,open,,open,3.2e-05,open,0.027773,open,0.080108,open,0.062336,open,0.041308,open,0.073493
86,dense_leafless,open,,open,0.329762,open,0.057715,open,0.348317,open,0.181726,open,0.231987,open,0.257669
87,dense_leafless,dense_leafless,,dense_leafless,0.0,dense_leafless,0.0,dense_leafless,0.0,dense_leafless,0.0,dense_leafless,0.0,dense_leafless,0.0
88,dense_leafless,dense_leafless,,dense_leafless,0.0,dense_leafless,3e-06,dense_leafless,4e-06,dense_leafless,9e-06,dense_leafless,7e-06,dense_leafless,4e-06
89,dense_leafless,dense_leafless,,dense_leafless,0.0,dense_leafless,0.0,dense_leafless,0.0,dense_leafless,0.0,dense_leafless,1e-06,dense_leafless,0.0
90,dense_leafless,dense_leafless,,dense_leafless,0.0,dense_leafless,0.0,dense_leafless,0.0,dense_leafless,0.0,dense_leafless,0.0,dense_leafless,0.0
91,dense_leafless,dense_leafless,,dense_leafless,0.0,dense_leafless,0.0,dense_leafless,0.0,dense_leafless,0.0,dense_leafless,0.0,dense_leafless,0.0
92,dense_leafless,dense_leafless,,dense_leafless,0.0,dense_leafless,0.0,dense_leafless,0.0,dense_leafless,0.0,dense_leafless,0.0,dense_leafless,0.0
93,dense_leafless,dense_leafless,,dense_leafless,0.0,dense_leafless,0.0,dense_leafless,0.0,dense_leafless,0.0,dense_leafless,0.0,dense_leafless,0.0
94,dense_leafless,dense_leafless,,dense_leafless,0.0,dense_leafless,0.0,dense_leafless,0.0,dense_leafless,0.0,dense_leafless,0.0,dense_leafless,0.0
95,dense_leafless,dense_leafless,,dense_leafless,0.0,dense_leafless,0.0,dense_leafless,0.0,dense_leafless,0.0,dense_leafless,0.0,dense_leafless,0.0
96,dense_leafless,dense_leafless,,dense_leafless,0.0,dense_leafless,0.0,dense_leafless,0.0,dense_leafless,0.0,dense_leafless,0.0,dense_leafless,0.0
97,dense_leafless,dense_leafless,,dense_leafless,0.0,dense_leafless,0.0,dense_leafless,0.0,dense_leafless,0.0,dense_leafless,0.0,dense_leafless,0.0
98,dense_leafless,sparse_leafless,,sparse_leafless,1.9e-05,sparse_leafless,0.111521,sparse_leafless,1.7e-05,sparse_leafless,0.074472,sparse_leafless,0.00163,sparse_leafless,0.002044
99,dense_leafless,dense_leafless,,dense_leafless,1.1e-05,dense_leafless,2e-06,dense_leafless,1.6e-05,dense_leafless,1.5e-05,dense_leafless,4.8e-05,dense_leafless,1.6e-05
100,dense_leafless,sparse_leafless,,sparse_leafless,0.53726,sparse_leafless,0.069432,dense_leafless,0.529175,dense_leafless,0.578425,sparse_leafless,0.389766,dense_leafless,0.369596
101,dense_leafless,dense_leafless,,dense_leafless,2e-06,dense_leafless,0.001307,dense_leafless,0.0,dense_leafless,6e-05,dense_leafless,1.6e-05,dense_leafless,2.3e-05
102,dense_leafless,dense_leafless,,dense_leafless,0.0,dense_leafless,0.0,dense_leafless,0.0,dense_leafless,0.0,dense_leafless,0.0,dense_leafless,0.0
103,dense_leafless,dense_leafless,,dense_leafless,0.0,dense_leafless,0.0,dense_leafless,2e-06,dense_leafless,0.0,dense_leafless,0.0,dense_leafless,0.0
104,dense_leafless,dense_leafless,,dense_leafless,0.0,dense_leafless,0.0,dense_leafless,0.0,dense_leafless,0.0,dense_leafless,0.0,dense_leafless,0.0
105,dense_leafless,dense_leafless,,dense_leafless,0.001384,dense_leafless,0.003395,dense_leafless,0.002185,dense_leafless,0.000123,dense_leafless,0.027909,dense_leafless,0.001581
106,dense_leafless,dense_leafless,,dense_leafless,0.0,dense_leafless,0.0,dense_leafless,0.0,dense_leafless,0.0,dense_leafless,0.0,dense_leafless,0.0
107,dense_leafless,dense_leafless,,dense_leafless,1e-06,dense_leafless,7e-06,dense_leafless,1.1e-05,dense_leafless,4.5e-05,dense_leafless,0.000215,dense_leafless,0.000272
108,dense_leafless,dense_leafless,,dense_leafless,0.0,dense_leafless,0.0,dense_leafless,0.0,dense_leafless,0.0,dense_leafless,0.0,dense_leafless,0.0
109,dense_leafless,dense_leafless,,dense_leafless,0.0,dense_leafless,0.0,dense_leafless,0.0,dense_leafless,0.0,dense_leafless,0.0,dense_leafless,0.0
110,dense_leafless,dense_leafless,,dense_leafless,0.0,dense_leafless,0.0,dense_leafless,0.0,dense_leafless,0.0,dense_leafless,0.0,dense_leafless,0.0
111,dense_leafless,dense_leafless,,dense_leafless,0.0,dense_leafless,0.0,dense_leafless,0.0,dense_leafless,0.0,dense_leafless,0.0,dense_leafless,0.0
112,dense_leafless,dense_leafless,,dense_leafless,0.0,dense_leafless,1e-06,dense_leafless,0.0,dense_leafless,2e-06,dense_leafless,0.0,dense_leafless,0.0
113,dense_leafless,dense_leafless,,dense_leafless,0.005117,dense_leafless,0.196101,dense_leafless,0.046264,dense_leafless,0.005617,dense_leafless,0.02896,dense_leafless,0.056785
114,dense_leafless,dense_leafless,,dense_leafless,0.024334,dense_leafless,0.051351,dense_leafless,0.053954,dense_leafless,0.323507,dense_leafless,0.024265,dense_leafless,0.167533
115,dense_leafless,dense_leafless,,dense_leafless,0.0,dense_leafless,1.4e-05,dense_leafless,1e-06,dense_leafless,2.9e-05,dense_leafless,0.000132,dense_leafless,4.6e-05
116,dense_leafless,dense_leafless,,dense_leafless,0.0,dense_leafless,4e-06,dense_leafless,4e-06,dense_leafless,8e-06,dense_leafless,1.6e-05,dense_leafless,2.8e-05
117,dense_leafless,dense_leafless,,dense_leafless,3e-06,dense_leafless,3.5e-05,dense_leafless,0.000123,dense_leafless,0.000117,dense_leafless,6.8e-05,dense_leafless,9.4e-05
118,dense_leafless,dense_leafless,,dense_leafless,9e-06,dense_leafless,0.000836,dense_leafless,1.3e-05,dense_leafless,0.00083,dense_leafless,0.000335,dense_leafless,5.5e-05
119,dense_leafless,dense_leafless,,dense_leafless,0.0,dense_leafless,0.0,dense_leafless,0.0,dense_leafless,0.0,dense_leafless,0.0,dense_leafless,0.0
120,dense_leafless,sparse_snow,,sparse_snow,0.043607,dense,0.876829,dense,0.165465,sparse_snow,0.344378,sparse_snow,0.368592,sparse_snow,0.312363
121,dense_leafless,dense,,dense,0.04397,dense,0.033145,dense,0.063327,dense,0.125647,dense,0.06412,dense,0.056583
122,dense_leafless,sparse_leafless,,dense,0.275168,sparse_leafless,0.918169,sparse_leafless,0.226444,sparse_leafless,0.162735,sparse_leafless,0.176371,sparse_leafless,0.22865
123,dense_leafless,open_leafless,,open_leafless,0.143656,open_leafless,0.100864,open_leafless,0.118989,open_leafless,0.065477,open_leafless,0.191513,open_leafless,0.255015
124,dense_leafless,dense_leafless,,dense_leafless,0.000128,dense_leafless,0.001191,dense_leafless,0.000235,dense_leafless,0.007457,dense_leafless,0.005462,dense_leafless,0.012411
125,dense_leafless,dense_leafless,,dense_leafless,0.0,dense_leafless,0.0,dense_leafless,0.0,dense_leafless,0.0,dense_leafless,1e-06,dense_leafless,0.0
126,dense_leafless,dense_leafless,,dense_leafless,1e-06,dense_leafless,0.000294,dense_leafless,3.7e-05,dense_leafless,9.9e-05,dense_leafless,2e-05,dense_leafless,3.9e-05
127,dense_leafless,dense_leafless,,dense_leafless,0.0,dense_leafless,1e-05,dense_leafless,1e-06,dense_leafless,0.0,dense_leafless,0.001145,dense_leafless,0.0059
128,dense_leafless,dense_leafless,,dense_leafless,0.0,dense_leafless,0.0,dense_leafless,0.0,dense_leafless,0.0,dense_leafless,0.0,dense_leafless,0.0
129,dense_leafless,dense_leafless,,dense_leafless,0.0,dense_leafless,0.0,dense_leafless,0.0,dense_leafless,0.0,dense_leafless,0.0,dense_leafless,0.0
130,dense_leafless,dense_leafless,,dense_leafless,0.0,dense_leafless,0.0,dense_leafless,0.0,dense_leafless,0.0,dense_leafless,0.0,dense_leafless,0.0
131,dense_leafless,dense_leafless,,dense_leafless,0.0,dense_leafless,1.1e-05,dense_leafless,2e-06,dense_leafless,0.000265,dense_leafless,8e-06,dense_leafless,8.8e-05
132,dense_leafless,dense_leafless,,dense_leafless,1.7e-05,dense_leafless,2.2e-05,dense_leafless,8.8e-05,dense_leafless,0.000281,dense_leafless,0.002112,dense_leafless,0.000171
133,dense_leafless,dense_leafless,,dense_leafless,0.0,dense_leafless,0.0,dense_leafless,0.0,dense_leafless,0.0,dense_leafless,0.0,dense_leafless,1e-06
134,dense_leafless,dense_leafless,,dense_leafless,0.0,dense_leafless,0.0,dense_leafless,0.0,dense_leafless,0.0,dense_leafless,0.0,dense_leafless,0.0
135,dense_leafless,dense_leafless,,dense_leafless,0.0,dense_leafless,0.0,dense_leafless,0.0,dense_leafless,0.0,dense_leafless,0.0,dense_leafless,0.0
136,dense_leafless,dense_leafless,,dense_leafless,2e-06,dense_leafless,1e-06,dense_leafless,1e-06,dense_leafless,0.0,dense_leafless,0.0,dense_leafless,1e-06
137,dense_leafless,dense_leafless,,dense_leafless,0.0,dense_leafless,0.0,dense_leafless,1e-06,dense_leafless,3e-06,dense_leafless,3e-06,dense_leafless,1.1e-05
138,dense_leafless,dense_leafless,,dense_leafless,0.1605,dense_leafless,0.10846,dense_leafless,0.049827,dense_leafless,0.078945,dense_leafless,0.102921,dense_leafless,0.049376
139,dense_leafless,dense_leafless,,dense_leafless,0.005446,dense_leafless,0.004628,dense_leafless,0.045043,dense_leafless,0.003696,dense_leafless,0.020609,dense_leafless,0.010982
140,dense_leafless,dense_leafless,,dense_leafless,0.0,dense_leafless,1e-06,dense_leafless,0.0,dense_leafless,0.0,dense_leafless,0.0,dense_leafless,0.0
141,dense_leafless,dense_leafless,,dense_leafless,0.000125,dense_leafless,0.192784,dense_leafless,0.200737,dense_leafless,0.130104,dense_leafless,0.171077,dense_leafless,0.264559
142,dense_leafless,dense_leafless,,dense_leafless,0.020513,dense_leafless,7.3e-05,dense_leafless,0.006703,dense_leafless,0.036326,dense_leafless,0.004093,dense_leafless,0.016792
143,dense_leafless,dense_leafless,,dense_leafless,0.0,dense_leafless,0.0,dense_leafless,0.0,dense_leafless,0.0,dense_leafless,0.0,dense_leafless,0.0
144,dense_snow,dense_snow,,sparse_snow,0.066947,dense_snow,0.760358,dense_snow,0.059074,dense_snow,0.095426,dense_snow,0.09159,dense_snow,0.157118
145,dense_snow,dense_snow,,dense_snow,0.0,dense_snow,6e-06,dense_snow,0.0,dense_snow,0.0,dense_snow,1e-06,dense_snow,1e-06
146,dense_snow,dense_snow,,dense_snow,0.0,dense_snow,0.0,dense_snow,1e-06,dense_snow,0.0,dense_snow,1e-06,dense_snow,1e-06
147,dense_snow,dense_snow,,dense_snow,3.9e-05,dense_snow,0.00063,dense_snow,0.000947,dense_snow,9.2e-05,dense_snow,0.000153,dense_snow,0.005507
148,dense_snow,dense_snow,,dense_snow,0.0,dense_snow,0.0,dense_snow,0.0,dense_snow,0.0,dense_snow,0.0,dense_snow,0.0
149,dense_snow,dense_snow,,dense_snow,0.0,dense_snow,0.0,dense_snow,0.0,dense_snow,0.0,dense_snow,0.0,dense_snow,0.0
150,dense_snow,dense_snow,,dense_snow,0.0,dense_snow,0.0,dense_snow,0.0,dense_snow,0.0,dense_snow,0.0,dense_snow,0.0
151,dense_snow,dense_snow,,dense_snow,0.0,dense_snow,0.0,dense_snow,0.0,dense_snow,0.0,dense_snow,0.0,dense_snow,0.0
152,dense_snow,dense_snow,,dense_snow,0.0,dense_snow,0.0,dense_snow,0.0,dense_snow,1.7e-05,dense_snow,0.0,dense_snow,0.0
153,open,open,,open,0.003751,open,0.058759,open,0.027824,open,0.060528,open,0.026081,open,0.026366
154,open,open,,open,0.0,open,2e-06,open,0.0,open,4e-06,open,1.4e-05,open,2.5e-05
155,open,open,,open,0.0,open,0.0,open,0.0,open,0.0,open,0.0,open,0.0
156,open,open,,open,0.0,open,0.0,open,0.0,open,0.0,open,0.0,open,0.0
157,open,open,,open,0.0,open,0.0,open,0.0,open,0.0,open,0.0,open,0.0
158,open,sparse,,sparse,0.000309,sparse,0.000241,sparse,0.001035,sparse,0.002057,sparse,0.000387,sparse,0.000224
159,open,open,,open,4e-06,open,0.0,open,2.7e-05,open,2e-06,open,8.8e-05,open,5.3e-05
160,open,open,,open,0.0,open,0.0,open,0.0,open,0.0,open,0.0,open,0.0
161,open,open,,open,0.0,open,0.0,open,0.0,open,0.0,open,0.0,open,0.0
162,open,open,,open,0.0,open,0.0,open,0.0,open,0.0,open,0.0,open,0.0
163,open,open,,open,0.0,open,0.0,open,0.0,open,0.0,open,0.0,open,0.0
164,open,open,,open,0.0,open,0.0,open,0.0,open,0.0,open,0.0,open,0.0
165,open,open,,open,0.0,open,0.0,open,0.0,open,0.0,open,0.0,open,0.0
166,open,open,,open,0.0,open,0.0,open,0.0,open,0.0,open,0.0,open,0.0
167,open,open,,open,8e-06,open,4e-06,open,1.2e-05,open,1e-06,open,5.9e-05,open,0.000223
168,open,open,,open,6e-06,open,5.3e-05,open,0.000157,open,0.000876,open,0.000619,open,0.012577
169,open,open,,open,2.8e-05,open,1e-06,open,0.000278,open,0.000606,open,0.001058,open,0.001508
170,open,open,,open,0.0,open,0.004868,open,0.000199,open,0.000852,open,0.005846,open,0.001727
171,open,open,,open,0.0,open,0.0,open,0.0,open,0.0,open,0.0,open,0.0
172,open,open,,open,0.0,open,0.0,open,0.0,open,0.0,open,0.0,open,0.0
173,open,open,,open,0.0,open,0.0,open,0.0,open,0.0,open,0.0,open,0.0
174,open,open,,open,0.0,open,0.0,open,0.0,open,0.0,open,0.0,open,0.0
175,open,open,,open,5e-06,open,1e-06,open,1e-06,open,2e-06,open,7e-06,open,1.5e-05
176,open,open,,open,4e-06,open,4e-06,open,0.000112,open,0.001786,open,3.9e-05,open,0.000258
177,open,open,,open,0.0,open,0.0,open,0.0,open,0.0,open,0.0,open,0.0
178,open,open,,open,0.0,open,0.0,open,0.0,open,0.0,open,0.0,open,0.0
179,open,open,,open,0.0,open,0.0,open,0.0,open,0.0,open,0.0,open,0.0
180,open,open,,open,0.0,open,0.0,open,0.0,open,0.0,open,0.0,open,0.0
181,open,open,,open,0.0,open,0.0,open,0.0,open,0.0,open,0.0,open,0.0
182,open,open,,open,0.025476,open,0.069072,open,0.011573,open,0.056214,open,0.018781,open,0.015473
183,open,sparse,,sparse,0.074844,sparse,0.277474,sparse,0.273164,sparse,0.281965,sparse,0.393408,sparse,0.474853
184,open,sparse,,sparse,2e-06,sparse,2.5e-05,sparse,2e-06,sparse,9e-06,sparse,1e-05,sparse,9e-06
185,open,open,,open,0.0,open,0.0,open,0.0,open,0.0,open,0.0,open,0.0
186,open,open,,open,0.002894,open,0.00081,open,0.00203,open,0.000112,open,5.7e-05,open,0.000463
187,open,open,,open,0.0,open,1e-06,open,2e-06,open,1e-05,open,2e-05,open,9.8e-05
188,open,open,,open,1e-06,open,1.2e-05,open,1.4e-05,open,0.000167,open,2e-06,open,5.4e-05
189,open,open,,open,0.0,open,0.0,open,0.0,open,0.0,open,0.0,open,0.0
190,open,open,,open,0.0,open,1e-06,open,2e-06,open,1e-06,open,5.7e-05,open,1.4e-05
191,open,open,,open,0.000146,open,0.000549,open,0.008893,open,0.000129,open,0.000612,open,0.026903
192,open,open,,open,1e-06,open,0.0,open,0.000945,open,0.00051,open,0.006086,open,0.038469
193,open,open,,open,0.0,open,0.0,open,0.0,open,2.3e-05,open,1e-06,open,1e-06
194,open,open,,open,0.0,open,0.0,open,0.0,open,0.0,open,0.0,open,0.0
195,open,open,,open,0.0,open,0.0,open,0.0,open,0.0,open,0.0,open,0.0
196,open,open,,open,0.0,open,0.0,open,0.0,open,0.0,open,0.0,open,0.0
197,open,open,,open,0.0,open,0.0,open,0.0,open,0.0,open,0.0,open,0.0
198,open,open,,open,0.0,open,0.0,open,0.0,open,0.0,open,0.0,open,0.0
199,open,open,,open,0.0,open,0.0,open,0.0,open,0.0,open,0.0,open,0.0
200,open,open,,open,0.0,open,0.0,open,0.0,open,0.0,open,0.0,open,0.0
201,open,open,,open,0.0,open,0.0,open,0.0,open,0.0,open,0.0,open,0.0
202,open,open,,open,0.0,open,0.0,open,0.0,open,0.0,open,0.0,open,0.0
203,open,open,,open,0.0,open,0.0,open,0.0,open,0.0,open,0.0,open,0.0
204,open,open,,open,0.0,open,0.0,open,3e-06,open,0.0,open,0.0,open,2.5e-05
205,open,open,,open,0.0,open,0.0,open,0.0,open,0.0,open,0.0,open,3e-06
206,open,open,,open,0.0,open,0.0,open,0.0,open,0.0,open,0.0,open,0.0
207,open,open,,open,0.0,open,0.0,open,0.0,open,0.0,open,0.0,open,0.0
208,open,open,,open,2.5e-05,open,2.1e-05,open,0.000524,open,0.000472,open,0.003965,open,0.046905
209,open,open,,open,4.9e-05,open,0.0,open,3e-06,open,0.007122,open,0.001812,open,0.000701
210,open,open,,open,3e-06,open,4.5e-05,open,1.3e-05,open,1e-06,open,1.6e-05,open,2e-06
211,open,open,,open,0.000847,open,1.6e-05,open,0.001062,open,0.000149,open,5.2e-05,open,0.000124
212,open,open,,sparse,0.408006,open,0.069639,open,0.248471,open,0.354455,open,0.142191,open,0.218709
213,open,open,,open,0.001374,open,0.068587,open,0.01631,open,0.00604,open,0.008753,open,0.098814
214,open,open,,open,2.2e-05,open,0.0,open,4.3e-05,open,2e-06,open,5e-06,open,7.1e-05
215,open,open,,open,0.0,open,0.0,open,0.0,open,0.0,open,2e-06,open,2e-06
216,open,open,,open,0.0,open,0.0,open,0.0,open,0.0,open,0.0,open,0.0
217,open,open,,open,0.0,open,1.8e-05,open,1e-06,open,0.0,open,0.0,open,1e-06
218,open,open,,open,0.0,open,0.0,open,0.0,open,2e-06,open,6.9e-05,open,0.000118
219,open,open,,open,0.0,open,3e-06,open,0.000165,open,0.000643,open,8.2e-05,open,0.000187
220,open,open,,open,1e-06,open,9e-06,open,0.115429,open,0.000104,open,0.000316,open,5.7e-05
221,open,sparse,,sparse,2.7e-05,sparse,1e-06,sparse,1e-06,sparse,3.8e-05,sparse,6e-06,sparse,2.7e-05
222,open,open,,open,0.044251,open,0.048592,open,0.380039,open,0.056844,open,0.014263,open,0.016613
223,open,open,,open,6.4e-05,open,0.000131,open,3.8e-05,open,0.001073,open,0.002569,open,0.012176
224,open,open,,open,0.000387,open,0.000289,open,0.001454,open,0.000503,open,0.003416,open,0.003077
225,open,open,,open,0.0,open,0.0,open,0.0,open,0.0,open,0.0,open,0.0
226,open,sparse,,sparse,0.005893,sparse,0.500142,sparse,0.114308,sparse,0.216857,sparse,0.157529,sparse,0.034629
227,open,open,,open,0.0,open,0.0,open,0.0,open,0.0,open,0.0,open,0.0
228,open,sparse,,sparse,1.1e-05,sparse,0.0,sparse,1e-06,sparse,1.3e-05,sparse,1e-06,sparse,1e-06
229,open,open,,open,0.000295,open,0.001128,open,0.00542,open,0.004836,open,0.186378,open,0.052949
230,open,sparse,,sparse,0.0,sparse,1e-05,sparse,0.000156,sparse,0.000214,sparse,0.000558,sparse,1.1e-05
231,open,open,,open,0.0,open,1.2e-05,open,0.0,open,2e-06,open,1e-06,open,3e-06
232,open,sparse,,sparse,9e-05,sparse,0.034938,sparse,0.001315,sparse,0.033626,sparse,0.04773,sparse,0.03835
233,open,open,,open,0.0,open,0.0,open,0.0,open,0.0,open,0.0,open,0.0
234,open,open,,open,0.0,open,0.0,open,0.0,open,0.0,open,0.0,open,0.0
235,open,open,,open,0.0,open,0.0,open,0.0,open,0.0,open,0.0,open,0.0
236,open,open,,open,0.0,open,0.0,open,0.0,open,0.0,open,0.0,open,0.0
237,open,open,,open,9e-06,open,5e-06,open,2e-05,open,0.0,open,0.0,open,2e-06
238,open,open,,open,0.0,open,1e-06,open,0.0,open,0.0,open,2e-06,open,1e-06
239,open,open,,open,0.0,open,0.000133,open,0.001155,open,0.000883,open,0.000245,open,0.004034
240,open,open,,open,0.040705,open,0.730856,open,0.254637,open,0.207514,open,0.229843,open,0.125098
241,open,open,,open,0.0,open,0.0,open,0.0,open,0.0,open,0.0,open,0.0
242,open,open,,open,0.0,open,0.0,open,0.0,open,0.0,open,0.0,open,0.0
243,open,sparse,,sparse,0.0,sparse,0.0,sparse,0.0,sparse,0.0,sparse,0.0,sparse,0.0
244,open,open,,open,0.0,open,0.0,open,0.0,open,0.0,open,0.0,open,0.0
245,open,open,,open,0.0,open,0.0,open,0.0,open,0.0,open,0.0,open,0.0
246,open,open,,open,0.0,open,0.0,open,0.0,open,0.0,open,0.0,open,0.0
247,open,open,,open,1e-06,open,0.0,open,0.0,open,0.0,open,0.0,open,0.0
248,open,open,,open,0.0,open,0.0,open,0.0,open,0.0,open,0.0,open,0.0
249,open,open,,open,0.0,open,0.0,open,0.0,open,0.0,open,0.0,open,0.0
250,open,open,,open,0.0,open,0.0,open,0.0,open,0.0,open,0.0,open,0.0
251,open,open,,open,1e-06,open,3e-06,open,0.0,open,1e-06,open,0.0,open,0.0
252,open,open,,open,0.0,open,0.0,open,0.0,open,0.0,open,0.0,open,0.0
253,open,open,,open,0.0,open,0.0,open,0.0,open,0.0,open,0.0,open,0.0
254,open,open,,open,0.0,open,0.0,open,0.0,open,0.0,open,0.0,open,0.0
255,open,open,,open,0.0,open,0.0,open,0.0,open,0.0,open,0.0,open,0.0
256,open,open,,open,1.1e-05,open,1.7e-05,open,2e-06,open,3.5e-05,open,0.000309,open,8e-06
257,open,open,,open,0.0,open,0.0,open,0.0,open,0.0,open,0.0,open,0.0
258,open,open,,open,0.000183,open,0.077713,open,0.018619,open,0.133576,open,0.020846,open,0.015732
259,open,open,,open,0.005062,open,0.082876,open,0.150226,open,0.326505,open,0.260774,open,0.200394
260,open,open,,open,0.0,open,0.0,open,0.0,open,0.0,open,0.0,open,0.0
261,open,open,,open,0.0,open,0.0,open,0.0,open,0.0,open,0.0,open,0.0
262,open,open,,open,0.0,open,0.0,open,0.0,open,0.0,open,0.0,open,0.0
263,open,open,,open,0.0,open,0.0,open,0.0,open,0.0,open,0.0,open,0.0
264,open,open,,open,2e-06,open,2e-06,open,6.6e-05,open,2e-06,open,1.2e-05,open,6.6e-05
265,open,open,,open,0.002739,open,0.421814,open,0.280692,open,0.268912,sparse,0.231351,open,0.168075
266,open,open,,open,0.0,open,0.0,open,0.0,open,0.0,open,0.0,open,0.0
267,open,open,,open,0.0,open,0.0,open,0.0,open,0.0,open,0.0,open,0.0
268,open,open,,open,0.0,open,0.0,open,3e-06,open,0.0,open,0.0,open,0.0
269,open,open,,open,1.6e-05,open,0.0,open,1.7e-05,open,1.5e-05,open,0.0,open,5e-06
270,open,open,,open,1e-06,open,1.3e-05,open,6.7e-05,open,0.001087,open,4.1e-05,open,9.7e-05
271,open,open,,open,0.0,open,0.0,open,1.2e-05,open,3e-06,open,1e-06,open,2e-06
272,open,open,,open,0.0,open,0.0,open,0.0,open,0.0,open,0.0,open,0.0
273,open,open,,open,0.0,open,0.0,open,0.0,open,0.0,open,0.0,open,0.0
274,open,open,,open,0.0,open,0.0,open,0.0,open,0.0,open,0.0,open,0.0
275,open,open,,open,0.0,open,0.0,open,1e-06,open,0.0,open,0.0,open,0.0
276,open,sparse,,sparse,0.001096,sparse,0.001014,sparse,0.008044,sparse,0.008285,sparse,0.067933,sparse,0.007379
277,open,open,,open,0.0,open,0.0,open,0.0,open,0.0,open,0.0,open,0.0
278,open,sparse,,sparse,0.000172,sparse,0.006715,sparse,0.000502,sparse,0.007007,sparse,0.017781,sparse,0.010426
279,open,open,,open,0.0,open,0.0,open,0.0,open,0.0,open,0.0,open,0.0
280,open,open,,open,2e-06,open,0.0,open,0.000667,open,0.000728,open,3e-06,open,6e-06
281,open,open,,open,0.0,open,0.0,open,0.0,open,0.0,open,0.0,open,0.0
282,open,open,,open,0.0,open,0.0,open,0.0,open,0.0,open,0.0,open,0.0
283,open,open,,open,0.0,open,0.0,open,0.0,open,0.0,open,0.0,open,0.0
284,open,open,,open,0.0,open,0.0,open,0.0,open,0.0,open,0.0,open,0.0
285,open,open,,open,0.0,open,0.0,open,0.0,open,0.0,open,0.0,open,0.0
286,open,open,,open,0.0,open,0.0,open,0.0,open,0.0,open,0.0,open,0.0
287,open,open,,open,0.0,open,0.0,open,0.0,open,0.0,open,0.0,open,0.0
288,open,open,,open,0.0,open,0.0,open,0.0,open,0.0,open,0.0,open,0.0
289,open,open,,open,0.0,open,0.0,open,0.0,open,0.0,open,0.0,open,0.0
290,open,open,,open,0.0,open,0.0,open,0.0,open,0.0,open,0.0,open,0.0
291,open,open,,open,0.0,open,0.0,open,0.0,open,0.0,open,0.0,open,0.0
292,open,open,,open,0.0,open,0.0,open,0.0,open,0.0,open,0.0,open,0.0
293,open,open,,open,0.0,open,0.0,open,0.0,open,0.0,open,2e-06,open,0.0
294,open,open,,open,1e-06,open,0.0,open,0.0,open,0.0,open,0.0,open,0.0
295,open,open,,open,0.0,open,0.0,open,0.0,open,0.0,open,0.0,open,0.0
296,open,open,,open,0.0,open,0.0,open,0.0,open,0.0,open,0.0,open,2e-06
297,open,open,,open,0.0,open,0.0,open,0.0,open,0.0,open,0.0,open,0.0
298,open,open,,open,0.0,open,0.0,open,0.0,open,0.0,open,0.0,open,0.0
299,open,open,,open,0.0,open,1e-06,open,0.0,open,1e-06,open,0.0,open,0.0
300,open,open,,open,0.0,open,0.0,open,0.0,open,0.0,open,0.0,open,0.0
301,open,open,,open,0.0,open,0.0,open,0.0,open,0.0,open,0.0,open,0.0
302,open,open,,open,0.0,open,0.0,open,0.0,open,0.0,open,0.0,open,0.0
303,open,open,,open,0.0,open,0.0,open,0.0,open,0.0,open,0.0,open,0.0
304,open,open,,open,0.0,open,0.0,open,0.0,open,0.0,open,0.0,open,0.0
305,open,sparse_leafless,,open,0.072772,open,0.504795,open,0.187648,open,0.057553,open,0.444444,open,0.252571
306,open,open,,open,0.016364,open,0.122055,open,0.248827,open,0.298715,open,0.029295,open,0.066847
307,open,open,,open,0.001754,open,0.000711,open,0.041979,open,0.0435,open,0.004247,open,0.060508
308,open,sparse,,open,0.195273,sparse,0.630111,open,0.173292,open,0.156406,open,0.095946,open,0.235568
309,open,open,,open,0.011651,open,0.037554,open,0.020378,open,0.037122,open,0.07681,open,0.094487
310,open,open,,open,0.0,open,0.0,open,0.0,open,0.0,open,0.0,open,0.0
311,open,open,,open,0.067606,sparse,0.307514,sparse,0.336494,sparse,0.376068,sparse,0.253681,sparse,0.296982
312,open,open,,open,0.0,open,0.0,open,0.0,open,0.0,open,0.0,open,0.0
313,open,open,,open,1e-06,open,2e-06,open,1e-06,open,0.0,open,0.0,open,1e-06
314,open,open,,open,0.0,open,0.0,open,0.0,open,0.0,open,0.0,open,1e-06
315,open,open,,open,7.1e-05,open,0.0,open,1e-06,open,1.4e-05,open,3e-05,open,0.000441
316,open,open,,open,0.0,open,0.0,open,0.0,open,0.0,open,1e-06,open,1e-06
317,open,open,,open,0.0,open,2e-06,open,0.0,open,4.6e-05,open,0.0,open,5e-06
318,open,open,,open,0.000325,open,0.000499,open,0.000283,open,0.000475,open,0.001432,open,0.004169
319,open,open,,open,0.0,open,0.0,open,0.0,open,0.0,open,0.0,open,0.0
320,open,open,,open,0.0,open,0.0,open,0.0,open,0.0,open,1e-06,open,0.0
321,open,open,,open,0.0,open,0.0,open,0.0,open,0.0,open,0.0,open,0.0
322,open,open,,open,0.0,open,8e-06,open,1.3e-05,open,0.0,open,9.3e-05,open,8e-06
323,open,open,,open,0.0,open,0.0,open,0.0,open,0.0,open,0.0,open,0.0
324,open,open,,open,0.003232,open,0.759295,open,0.534784,open,0.254572,open,0.101694,open,0.251934
325,open,open,,open,0.000784,open,0.000221,open,0.004206,open,4.2e-05,open,0.025245,open,0.004914
326,open,open,,open,0.0,open,1e-06,open,1e-06,open,9e-06,open,1.2e-05,open,7e-06
327,open,open,,open,4.3e-05,open,2e-06,open,1.1e-05,open,5.3e-05,open,9e-06,open,6.9e-05
328,open,open,,open,0.0,open,0.0,open,1e-06,open,1e-06,open,0.0,open,0.0
329,open,open,,open,2e-06,open,2.1e-05,open,0.000145,open,3e-06,open,1e-06,open,2e-06
330,open,open,,open,5.4e-05,open,0.001756,open,0.000358,open,0.000268,open,0.012666,open,0.014745
331,open,open,,open,0.0,open,0.0,open,0.0,open,0.0,open,0.0,open,0.0
332,open,open,,open,0.0,open,1e-06,open,9e-06,open,0.0,open,9e-06,open,0.0
333,open,open,,open,0.0,open,0.0,open,0.0,open,0.0,open,0.0,open,0.0
334,open,open,,open,0.0,open,0.0,open,0.0,open,0.0,open,0.0,open,0.0
335,open,open,,open,0.014805,open,0.551685,open,0.073539,open,0.348768,open,0.270315,open,0.201278
336,open,open,,open,2.5e-05,open,0.009264,open,0.000584,open,0.037552,open,0.000998,open,0.012066
337,open,open,,open,4e-06,open,5.2e-05,open,0.004598,open,2.5e-05,open,6.9e-05,open,2.1e-05
338,open,open,,open,3e-06,open,1.5e-05,open,0.0,open,1e-06,open,1e-06,open,3e-06
339,open,open,,open,0.0,open,1.3e-05,open,0.0,open,1.6e-05,open,1e-06,open,0.0
340,open,open,,open,2e-06,open,4.9e-05,open,0.000959,open,0.000453,open,2.3e-05,open,3.1e-05
341,open,sparse,,open,0.002431,open,0.746548,sparse,0.232777,open,0.538922,open,0.304809,open,0.209126
342,open,open_leafless,,open_leafless,3.4e-05,open_leafless,0.000146,open_leafless,0.008776,open_leafless,0.003328,open_leafless,0.000536,open_leafless,0.000882
343,open,open,,open,0.0,open,0.0,open,1e-06,open,1e-06,open,1e-05,open,3e-06
344,open,open_leafless,,open,0.012407,open,0.187589,open,0.406684,open,0.216096,open,0.354847,open,0.230317
345,open,open_leafless,,open_leafless,0.030842,open_leafless,0.037285,open_leafless,0.60117,open_leafless,0.017546,open_leafless,0.234147,open_leafless,0.270777
346,open,open,,open,0.0,open,0.0,open,0.0,open,0.0,open,0.0,open,0.0
347,open,open,,open,0.0,open,0.0,open,0.0,open,0.0,open,0.0,open,0.0
348,open,open,,open,0.0,open,0.0,open,0.0,open,0.0,open,0.0,open,0.0
349,open,open,,open,0.0,open,0.0,open,0.0,open,0.0,open,0.0,open,0.0
350,open,open,,open,1e-06,open,0.000212,open,1.7e-05,open,0.000269,open,4.6e-05,open,0.000461
351,open,open,,open,0.002103,open,6.4e-05,open,4.2e-05,open,0.005586,open,0.00792,open,0.012824
352,open,sparse,,open,0.004796,open,0.219399,open,0.296753,open,0.34371,open,0.297856,open,0.190057
353,open,open_leafless,,open_leafless,0.000935,open_leafless,0.008401,open_leafless,0.007638,open_leafless,0.00227,open_leafless,0.091715,open_leafless,0.031846
354,open,open_leafless,,open_leafless,2e-06,open_leafless,2.9e-05,open_leafless,1.5e-05,open_leafless,3e-06,open_leafless,0.000333,open_leafless,6.8e-05
355,open,open,,open,0.0,open,0.0,open,2e-06,open,5e-06,open,6e-05,open,3e-06
356,open,open,,open,0.0,open,0.0,open,0.0,open,0.0,open,0.0,open,0.0
357,open,open,,open,0.0,open,0.0,open,0.0,open,0.0,open,0.0,open,1e-06
358,open,open,,open,0.0,open,0.0,open,4e-06,open,2e-06,open,1e-06,open,1e-06
359,open,open,,open,0.0,open,2e-06,open,1e-06,open,8e-06,open,0.000282,open,3.6e-05
360,open,sparse,,sparse,2e-06,sparse,1e-06,sparse,6.9e-05,sparse,1.3e-05,sparse,5e-05,sparse,0.000289
361,open,sparse,,sparse,0.004327,sparse,0.173652,sparse,0.009657,sparse,0.077266,sparse,0.047847,sparse,0.178191
362,open,open,,open,0.0,open,0.0,open,0.0,open,0.0,open,0.0,open,4e-06
363,open,open,,open,0.0,open,0.0,open,0.0,open,0.0,open,0.0,open,0.0
364,open,open,,open,0.002119,open,0.001331,open,0.00089,open,1.1e-05,open,0.233599,open,0.065475
365,open,open,,open,0.000143,open,0.155951,open,0.000304,open,0.003945,open,0.054658,open,0.003519
366,open,open,,open,1.3e-05,open,0.0,open,0.001849,open,0.000176,open,4e-06,open,1e-06
367,open,sparse,,open,0.028556,sparse,0.767743,sparse,0.179203,sparse,0.111419,open,0.362905,open,0.355968
368,open,sparse,,sparse,0.0,sparse,0.0,sparse,0.0,sparse,0.0,sparse,0.0,sparse,0.0
369,open,open,,open,8e-06,open,0.000144,open,0.000685,open,0.029144,open,0.027112,open,0.128121
370,open,open,,open,0.000249,open,0.003947,open,0.000749,open,0.000756,open,0.003326,open,0.002486
371,open,open,,open,1e-06,open,4.2e-05,open,1e-06,open,4.6e-05,open,9e-06,open,3e-06
372,open,open,,open,0.0,open,0.0,open,0.0,open,0.0,open,0.0,open,0.0
373,open,open,,open,0.0,open,0.0,open,0.0,open,0.0,open,0.0,open,0.0
374,open,open,,open,0.0,open,0.0,open,0.0,open,0.0,open,0.0,open,0.0
375,open,open,,open,0.0,open,0.0,open,0.0,open,0.0,open,0.0,open,0.0
376,open,open,,open,0.0,open,0.0,open,0.0,open,0.0,open,0.0,open,1e-06
377,open,open,,open,2.7e-05,open,9e-06,open,3.1e-05,open,0.000246,open,0.000295,open,1.4e-05
378,open,sparse,,sparse,0.004415,sparse,0.165937,sparse,0.314104,sparse,0.059289,sparse,0.047175,sparse,0.035957
379,open,open,,open,0.00058,open,0.014853,open,0.073761,open,0.071158,open,0.010588,open,0.140201
380,open,sparse,,sparse,0.0,sparse,0.0,sparse,0.0,sparse,0.0,sparse,0.0,sparse,0.0
381,open,open,,open,0.0,open,0.0,open,0.0,open,0.0,open,0.0,open,0.0
382,open,sparse,,sparse,0.010869,sparse,0.460305,sparse,0.006323,sparse,0.157464,sparse,0.103927,sparse,0.113941
383,open,open,,open,0.0,open,0.0,open,0.0,open,0.0,open,0.0,open,0.0
384,open,open,,open,0.0,open,0.0,open,0.0,open,1e-06,open,0.0,open,0.0
385,open,open,,open,0.0,open,0.0,open,0.0,open,0.0,open,0.0,open,0.0
386,open,open,,open,4e-06,open,0.004217,open,0.000892,open,0.000182,open,0.050299,open,0.003462
387,open,sparse,,sparse,0.012358,sparse,0.008364,sparse,0.022791,sparse,0.099957,sparse,0.042495,sparse,0.149987
388,open,open,,open,0.000214,open,2.9e-05,open,0.000565,open,0.001366,open,0.000369,open,0.000537
389,open,open,,open,8e-06,open,0.0,open,1e-06,open,0.0,open,1e-06,open,1e-06
390,open,open,,open,0.0,open,0.0,open,0.0,open,0.0,open,0.0,open,0.0
391,open,open,,open,0.0,open,0.0,open,0.0,open,0.0,open,2.3e-05,open,1e-06
392,open,open,,open,0.0,open,0.0,open,0.0,open,0.0,open,0.0,open,0.0
393,open,open,,open,0.0,open,0.0,open,0.0,open,0.0,open,0.0,open,0.0
394,open,open,,open,1e-06,open,0.0,open,1e-05,open,0.0,open,1e-06,open,1e-06
395,open,open,,open,0.012015,open,0.020295,open,0.019688,open,0.034628,open,0.034437,open,0.029859
396,open,open,,open,0.0,open,0.0,open,0.0,open,0.0,open,0.0,open,0.0
397,open,open,,open,0.004495,open,8e-06,open,6e-05,open,8.6e-05,open,0.000321,open,0.00049
398,open,open,,open,0.0,open,0.0,open,0.0,open,0.0,open,0.0,open,0.0
399,open,sparse,,sparse,0.004761,sparse,1.0,sparse,0.172834,sparse,0.43064,sparse,0.247894,sparse,0.183181
400,open,open,,open,9e-06,open,0.0,open,0.0,open,0.0,open,0.0,open,0.0
401,open,open,,open,2.7e-05,open,0.0,open,0.0,open,3e-06,open,2.9e-05,open,6e-06
402,open,open,,open,0.0,open,0.0,open,0.0,open,0.0,open,0.0,open,1e-06
403,open,open,,open,0.000389,open,0.000352,open,0.00014,open,0.000756,open,0.000204,open,0.003358
404,open,sparse,,open,0.14571,open,0.626435,open,0.472543,open,0.113208,open,0.260566,open,0.237361
405,open,open,,open,0.0,open,0.0,open,0.0,open,0.0,open,0.0,open,0.0
406,open,open,,open,0.431293,open,0.017331,open,0.045536,open,0.070547,open,0.033655,open,0.008711
407,open,open,,open,0.0,open,5.1e-05,open,0.019626,open,0.000512,open,0.001095,open,0.000288
408,open,sparse,,sparse,0.0,sparse,0.0,sparse,0.0,sparse,0.0,sparse,0.0,sparse,0.0
409,open,open,,open,1e-06,open,4e-05,open,0.000205,open,5.8e-05,open,0.000315,open,0.000108
410,open,open,,open,0.0,open,0.0,open,0.0,open,0.0,open,0.0,open,0.0
411,open,open,,open,0.0,open,0.0,open,0.0,open,0.0,open,0.0,open,0.0
412,open,open,,open,0.0,open,0.0,open,0.0,open,0.0,open,0.0,open,0.0
413,open,open,,open,0.0,open,0.0,open,0.0,open,0.0,open,0.0,open,0.0
414,open,open,,open,0.0,open,0.0,open,0.0,open,0.0,open,0.0,open,0.0
415,open,sparse,,sparse,0.001526,sparse,0.025323,sparse,0.092919,sparse,0.114416,sparse,0.2064,sparse,0.069264
416,open,sparse,,sparse,2.8e-05,sparse,1.3e-05,sparse,5e-06,sparse,5.4e-05,sparse,4.1e-05,sparse,0.000226
417,open_leafless,open_leafless,,open_leafless,0.0,open_leafless,0.0,open_leafless,0.0,open_leafless,1e-06,open_leafless,2e-06,open_leafless,8e-06
418,open_leafless,open_leafless,,open_leafless,0.0,open_leafless,0.0,open_leafless,0.0,open_leafless,0.0,open_leafless,0.0,open_leafless,0.0
419,open_leafless,open_leafless,,open_leafless,0.0,open_leafless,0.0,open_leafless,5e-06,open_leafless,4e-06,open_leafless,3e-06,open_leafless,1e-06
420,open_leafless,open_leafless,,open_leafless,2.6e-05,open_leafless,0.035462,open_leafless,0.000204,open_leafless,0.014791,open_leafless,0.017208,open_leafless,0.03115
421,open_leafless,open_leafless,,open_leafless,0.002046,open_leafless,0.183716,open_leafless,0.008832,open_leafless,0.029324,open_leafless,0.031807,open_leafless,0.029864
422,open_leafless,open_leafless,,open_leafless,0.0,open_leafless,0.0,open_leafless,0.0,open_leafless,0.0,open_leafless,0.0,open_leafless,2e-06
423,open_leafless,open_leafless,,open_leafless,0.0,open_leafless,4e-06,open_leafless,1.1e-05,open_leafless,1e-06,open_leafless,5e-05,open_leafless,6e-06
424,open_leafless,sparse_leafless,,sparse_leafless,0.008934,sparse_leafless,0.409125,sparse_leafless,0.077576,sparse_leafless,0.214495,sparse_leafless,0.191818,sparse_leafless,0.219316
425,open_leafless,open_leafless,,open_leafless,0.0,open_leafless,7e-06,open_leafless,0.002556,open_leafless,3e-06,open_leafless,6e-06,open_leafless,3e-06
426,open_leafless,open_leafless,,open_leafless,0.0,open_leafless,1.5e-05,open_leafless,0.0,open_leafless,0.0,open_leafless,0.0,open_leafless,0.0
427,open_leafless,open_leafless,,open_leafless,0.000226,open_leafless,0.006303,open_leafless,0.00879,open_leafless,0.004783,open_leafless,0.069942,open_leafless,0.024052
428,open_leafless,open_leafless,,open_leafless,1e-06,open_leafless,7.8e-05,open_leafless,8.1e-05,open_leafless,0.011135,open_leafless,0.000895,open_leafless,0.000785
429,open_leafless,open_leafless,,open_leafless,5e-06,open_leafless,8e-06,open_leafless,4e-06,open_leafless,4.2e-05,open_leafless,5.7e-05,open_leafless,0.000138
430,open_leafless,open_leafless,,open_leafless,0.0,open_leafless,0.000642,open_leafless,0.000442,open_leafless,0.000202,open_leafless,4e-06,open_leafless,3.1e-05
431,open_leafless,open_leafless,,open_leafless,0.000636,open_leafless,0.0,open_leafless,0.000297,open_leafless,0.000474,open_leafless,0.003974,open_leafless,0.001439
432,open_leafless,open_leafless,,open_leafless,0.0,open_leafless,0.0,open_leafless,0.0,open_leafless,0.0,open_leafless,0.0,open_leafless,0.0
433,open_leafless,open_leafless,,open_leafless,1e-06,open_leafless,1e-05,open_leafless,0.001802,open_leafless,8.8e-05,open_leafless,0.00118,open_leafless,0.0045
434,open_leafless,open_leafless,,open_leafless,0.000281,open_leafless,0.00072,open_leafless,0.002596,open_leafless,0.00028,open_leafless,0.003105,open_leafless,0.001001
435,open_leafless,open_leafless,,open_leafless,0.0,open_leafless,0.0,open_leafless,0.0,open_leafless,0.0,open_leafless,0.0,open_leafless,0.0
436,open_leafless,open_leafless,,open_leafless,2e-06,open_leafless,0.000192,open_leafless,0.000212,open_leafless,2.7e-05,open_leafless,0.000269,open_leafless,0.014598
437,open_leafless,sparse_leafless,,open_leafless,0.154809,sparse_leafless,0.489983,sparse_leafless,0.25671,open_leafless,0.268252,sparse_leafless,0.312184,open_leafless,0.257507
438,open_leafless,open_leafless,,sparse_leafless,0.071113,open_leafless,0.155055,open_leafless,0.204114,open_leafless,0.216346,open_leafless,0.22085,open_leafless,0.25716
439,open_leafless,open_leafless,,open_leafless,0.0,open_leafless,0.0,open_leafless,0.0,open_leafless,0.0,open_leafless,0.0,open_leafless,0.0
440,open_leafless,open_leafless,,sparse,0.03202,sparse,0.74316,sparse,0.214335,sparse,0.331443,open_leafless,0.205924,sparse,0.214281
441,open_leafless,sparse_leafless,,sparse_leafless,1e-06,sparse_leafless,0.0,sparse_leafless,0.0,sparse_leafless,9e-06,sparse_leafless,3e-06,sparse_leafless,1e-06
442,open_leafless,open_leafless,,open_leafless,1e-06,open_leafless,0.001514,open_leafless,1.8e-05,open_leafless,5.3e-05,open_leafless,0.000259,open_leafless,0.000266
443,open_leafless,open_leafless,,sparse_leafless,0.173078,open_leafless,0.052416,open_leafless,0.193712,open_leafless,0.302133,open_leafless,0.110762,open_leafless,0.325857
444,open_leafless,open_leafless,,open_leafless,0.0,open_leafless,1e-06,open_leafless,4.9e-05,open_leafless,2e-06,open_leafless,6.9e-05,open_leafless,2.4e-05
445,open_leafless,open_leafless,,open_leafless,0.000352,open_leafless,0.000981,open_leafless,9e-06,open_leafless,0.000147,open_leafless,0.000159,open_leafless,0.008372
446,open_leafless,open_leafless,,open_leafless,0.0,open_leafless,5e-06,open_leafless,2.1e-05,open_leafless,6e-06,open_leafless,6e-06,open_leafless,2.9e-05
447,open_leafless,open_leafless,,open_leafless,2.6e-05,open_leafless,8.8e-05,open_leafless,0.00649,open_leafless,0.000143,open_leafless,0.001037,open_leafless,0.000252
448,open_leafless,open_leafless,,open_leafless,0.0,open_leafless,0.0,open_leafless,0.0,open_leafless,0.0,open_leafless,0.0,open_leafless,0.0
449,open_leafless,open_leafless,,open_leafless,0.0,open_leafless,0.0,open_leafless,0.0,open_leafless,0.0,open_leafless,0.0,open_leafless,0.0
450,open_leafless,open_leafless,,open_leafless,0.0,open_leafless,0.0,open_leafless,0.0,open_leafless,0.0,open_leafless,0.0,open_leafless,0.0
451,open_leafless,open_leafless,,open_leafless,3e-06,open_leafless,0.000117,open_leafless,3e-05,open_leafless,3.4e-05,open_leafless,1.3e-05,open_leafless,0.000117
452,open_leafless,open_leafless,,open_leafless,0.0,open_leafless,0.0,open_leafless,0.0,open_leafless,0.0,open_leafless,0.0,open_leafless,0.0
453,open_leafless,open_leafless,,open_leafless,3e-06,open_leafless,1e-06,open_leafless,0.000291,open_leafless,4.1e-05,open_leafless,0.000228,open_leafless,3.6e-05
454,open_leafless,open_leafless,,open_leafless,0.0,open_leafless,4.6e-05,open_leafless,3.2e-05,open_leafless,1e-05,open_leafless,7e-06,open_leafless,3e-06
455,open_leafless,open_leafless,,open_leafless,0.000137,open_leafless,5e-06,open_leafless,0.001256,open_leafless,0.000473,open_leafless,0.000151,open_leafless,3.3e-05
456,open_leafless,open_leafless,,open_leafless,0.0,open_leafless,0.0,open_leafless,0.0,open_leafless,0.0,open_leafless,0.0,open_leafless,0.0
457,open_leafless,open_leafless,,open_leafless,0.0,open_leafless,0.0,open_leafless,0.0,open_leafless,0.0,open_leafless,0.0,open_leafless,0.0
458,open_leafless,open_leafless,,open_leafless,0.0,open_leafless,0.0,open_leafless,0.0,open_leafless,0.0,open_leafless,0.0,open_leafless,0.0
459,open_leafless,open_leafless,,open_leafless,0.0,open_leafless,0.0,open_leafless,0.0,open_leafless,0.0,open_leafless,0.0,open_leafless,0.0
460,open_leafless,open_leafless,,open_leafless,0.394308,open_leafless,0.094022,open_leafless,0.001432,open_leafless,0.011625,open_leafless,0.029146,open_leafless,0.044793
461,open_leafless,open_leafless,,open_leafless,0.0,open_leafless,0.0,open_leafless,0.0,open_leafless,0.0,open_leafless,0.0,open_leafless,0.0
462,open_leafless,open_leafless,,sparse_leafless,1.0,sparse_leafless,0.516017,open_leafless,0.270256,open_leafless,0.125282,open_leafless,0.307886,open_leafless,0.27801
463,open_leafless,open_leafless,,open_leafless,0.0,open_leafless,0.0,open_leafless,0.0,open_leafless,0.0,open_leafless,0.0,open_leafless,0.0
464,open_leafless,sparse_leafless,,sparse_leafless,0.000641,sparse_leafless,0.107281,sparse_leafless,0.01751,sparse_leafless,0.001092,sparse_leafless,0.01641,sparse_leafless,0.067748
465,open_leafless,sparse_leafless,,sparse_leafless,0.078625,sparse_leafless,0.03015,sparse_leafless,0.009001,sparse_leafless,0.100192,sparse_leafless,0.012819,sparse_leafless,0.03225
466,open_leafless,open_leafless,,open_leafless,0.0,open_leafless,0.0,open_leafless,1e-06,open_leafless,1e-06,open_leafless,1e-06,open_leafless,7.4e-05
467,open_leafless,open_leafless,,open_leafless,0.0,open_leafless,0.0,open_leafless,3e-06,open_leafless,2.3e-05,open_leafless,0.000255,open_leafless,1.8e-05
468,open_leafless,open_leafless,,open_leafless,0.006126,open_leafless,0.004521,open_leafless,0.003781,open_leafless,0.229518,open_leafless,0.037104,open_leafless,0.05268
469,open_leafless,open_leafless,,open_leafless,1e-06,open_leafless,7.8e-05,open_leafless,0.002656,open_leafless,0.003061,open_leafless,0.007968,open_leafless,0.004553
470,open_leafless,open_leafless,,open_leafless,0.0,open_leafless,0.0,open_leafless,0.0,open_leafless,8e-06,open_leafless,0.0,open_leafless,1e-06
471,open_leafless,open_leafless,,open_leafless,0.0,open_leafless,2e-06,open_leafless,1e-06,open_leafless,0.0,open_leafless,2e-06,open_leafless,3e-06
472,open_leafless,open_leafless,,open_leafless,0.0,open_leafless,0.0,open_leafless,0.0,open_leafless,1e-06,open_leafless,6e-06,open_leafless,2e-06
473,open_leafless,open_leafless,,open_leafless,0.0,open_leafless,6e-06,open_leafless,1e-06,open_leafless,2e-06,open_leafless,1.2e-05,open_leafless,0.0
474,open_leafless,open_leafless,,open_leafless,0.0,open_leafless,0.0,open_leafless,0.0,open_leafless,0.0,open_leafless,0.0,open_leafless,0.0
475,open_leafless,open_leafless,,open_leafless,0.0,open_leafless,0.0,open_leafless,1e-06,open_leafless,1e-06,open_leafless,2e-06,open_leafless,3e-06
476,open_leafless,open_leafless,,open_leafless,0.0,open_leafless,0.0,open_leafless,0.0,open_leafless,0.0,open_leafless,0.0,open_leafless,0.0
477,open_leafless,open_leafless,,open_leafless,0.0,open_leafless,0.0,open_leafless,0.0,open_leafless,0.0,open_leafless,0.0,open_leafless,0.0
478,open_leafless,open_leafless,,open_leafless,0.0,open_leafless,0.0,open_leafless,0.0,open_leafless,0.0,open_leafless,0.0,open_leafless,0.0
479,open_leafless,open_leafless,,open_leafless,1e-06,open_leafless,6e-06,open_leafless,0.0,open_leafless,0.0,open_leafless,4e-06,open_leafless,0.0
480,open_leafless,open_leafless,,open_leafless,0.0,open_leafless,0.0,open_leafless,0.0,open_leafless,0.0,open_leafless,0.0,open_leafless,0.0
481,open_leafless,open_leafless,,open_leafless,0.0,open_leafless,0.0,open_leafless,0.0,open_leafless,0.0,open_leafless,0.0,open_leafless,0.0
482,open_leafless,open_leafless,,open_leafless,0.00017,open_leafless,0.0,open_leafless,0.000108,open_leafless,0.000151,open_leafless,5.4e-05,open_leafless,0.000105
483,open_leafless,open_leafless,,open_leafless,9.5e-05,open_leafless,0.000373,open_leafless,0.000178,open_leafless,0.000201,open_leafless,0.001259,open_leafless,0.00193
484,open_leafless,open_leafless,,open_leafless,0.0,open_leafless,0.0,open_leafless,0.0,open_leafless,0.0,open_leafless,0.0,open_leafless,0.0
485,open_leafless,open_leafless,,open_leafless,0.0,open_leafless,0.0,open_leafless,0.0,open_leafless,0.0,open_leafless,0.0,open_leafless,0.0
486,open_leafless,open_leafless,,open_leafless,0.0,open_leafless,6e-06,open_leafless,1.3e-05,open_leafless,2e-06,open_leafless,3e-06,open_leafless,3e-06
487,open_leafless,open_leafless,,open_leafless,0.035606,open_leafless,0.000129,open_leafless,0.003176,open_leafless,0.005623,open_leafless,0.002102,open_leafless,0.008922
488,open_leafless,open_leafless,,open_leafless,0.0,open_leafless,1e-06,open_leafless,0.0,open_leafless,0.0,open_leafless,3e-06,open_leafless,0.0
489,open_leafless,open_leafless,,open_leafless,0.0,open_leafless,4e-06,open_leafless,2.8e-05,open_leafless,6e-05,open_leafless,0.000199,open_leafless,7.3e-05
490,open_leafless,open_leafless,,open_leafless,0.007607,open_leafless,0.11326,open_leafless,0.174389,open_leafless,0.398004,open_leafless,0.190959,open_leafless,0.408321
491,open_leafless,open_leafless,,open_leafless,0.000895,open_leafless,0.000386,open_leafless,0.00059,open_leafless,0.002731,open_leafless,0.000422,open_leafless,0.004939
492,open_leafless,open_leafless,,open_leafless,0.027888,open_leafless,0.000827,open_leafless,0.000463,open_leafless,0.022455,open_leafless,0.009618,open_leafless,0.004662
493,open_leafless,open,,open_leafless,0.022268,open,0.955876,open_leafless,0.461508,open_leafless,0.556771,open_leafless,0.394613,open_leafless,0.328907
494,open_leafless,open_leafless,,open_leafless,8e-06,open_leafless,0.006888,open_leafless,9e-06,open_leafless,2e-06,open_leafless,1e-06,open_leafless,1.2e-05
495,open_leafless,open_leafless,,open_leafless,7e-06,open_leafless,1.4e-05,open_leafless,0.000456,open_leafless,4.2e-05,open_leafless,4.6e-05,open_leafless,0.000325
496,open_leafless,open_leafless,,open_leafless,0.0,open_leafless,0.0,open_leafless,0.0,open_leafless,0.0,open_leafless,0.0,open_leafless,0.0
497,open_leafless,open_leafless,,open_leafless,0.0,open_leafless,3e-06,open_leafless,0.0,open_leafless,0.0,open_leafless,1e-06,open_leafless,4e-06
498,open_leafless,open_leafless,,open_leafless,0.0,open_leafless,0.000288,open_leafless,4e-06,open_leafless,1e-06,open_leafless,0.0,open_leafless,0.0
499,open_leafless,open_leafless,,open_leafless,0.0,open_leafless,6e-06,open_leafless,1.4e-05,open_leafless,1e-06,open_leafless,2e-06,open_leafless,6e-06
500,open_leafless,open_leafless,,open_leafless,0.0,open_leafless,0.0,open_leafless,1e-06,open_leafless,1e-06,open_leafless,1e-06,open_leafless,0.0
501,open_leafless,open_leafless,,open_leafless,1.4e-05,open_leafless,0.0,open_leafless,2e-06,open_leafless,0.0,open_leafless,0.0,open_leafless,0.0
502,open_leafless,open_leafless,,open_leafless,0.0,open_leafless,0.0,open_leafless,0.0,open_leafless,0.0,open_leafless,0.0,open_leafless,0.0
503,open_leafless,open_leafless,,open_leafless,0.000776,open_leafless,4e-06,open_leafless,7.1e-05,open_leafless,8e-06,open_leafless,2e-05,open_leafless,2.4e-05
504,open_leafless,open_leafless,,open_leafless,0.0,open_leafless,0.000633,open_leafless,4.4e-05,open_leafless,9.1e-05,open_leafless,1e-05,open_leafless,0.000522
505,open_leafless,open_leafless,,open_leafless,3e-06,open_leafless,0.00048,open_leafless,0.00013,open_leafless,5.1e-05,open_leafless,0.000226,open_leafless,0.000213
506,open_leafless,open_leafless,,open_leafless,2.7e-05,open_leafless,0.000441,open_leafless,0.007343,open_leafless,0.00105,open_leafless,0.001251,open_leafless,0.033271
507,open_leafless,open_leafless,,open_leafless,1e-05,open_leafless,7.4e-05,open_leafless,0.000227,open_leafless,1.1e-05,open_leafless,7e-05,open_leafless,0.000169
508,open_leafless,open_leafless,,open_leafless,0.0,open_leafless,0.0,open_leafless,0.0,open_leafless,0.0,open_leafless,0.0,open_leafless,0.0
509,open_leafless,open_leafless,,open_leafless,0.0,open_leafless,0.0,open_leafless,0.0,open_leafless,0.0,open_leafless,0.0,open_leafless,0.0
510,open_leafless,open_leafless,,open_leafless,0.0,open_leafless,0.0,open_leafless,0.0,open_leafless,0.0,open_leafless,1e-06,open_leafless,5e-06
511,open_leafless,open_leafless,,open_leafless,0.0,open_leafless,0.0,open_leafless,0.0,open_leafless,0.0,open_leafless,0.0,open_leafless,0.0
512,open_leafless,open_leafless,,open_leafless,2e-06,open_leafless,0.0,open_leafless,0.0,open_leafless,2e-06,open_leafless,2e-06,open_leafless,1.2e-05
513,open_leafless,open_leafless,,open_leafless,0.0,open_leafless,0.0,open_leafless,0.0,open_leafless,0.0,open_leafless,0.0,open_leafless,0.0
514,open_leafless,open_leafless,,open_leafless,3e-06,open_leafless,4e-06,open_leafless,0.001929,open_leafless,0.000176,open_leafless,2.1e-05,open_leafless,0.000114
515,open_leafless,open_leafless,,open_leafless,0.0,open_leafless,0.0,open_leafless,1e-06,open_leafless,0.0,open_leafless,1e-06,open_leafless,0.0
516,open_leafless,open_leafless,,open_leafless,0.0,open_leafless,0.0,open_leafless,0.0,open_leafless,0.0,open_leafless,0.0,open_leafless,1e-06
517,open_leafless,open_leafless,,open_leafless,0.0,open_leafless,0.0,open_leafless,0.0,open_leafless,0.0,open_leafless,0.0,open_leafless,0.0
518,open_leafless,open_leafless,,open_leafless,0.0,open_leafless,0.0,open_leafless,0.0,open_leafless,0.0,open_leafless,0.0,open_leafless,0.0
519,open_leafless,open_leafless,,open_leafless,0.0,open_leafless,0.0,open_leafless,0.0,open_leafless,3e-06,open_leafless,0.0,open_leafless,0.0
520,open_leafless,open_leafless,,open_leafless,0.0,open_leafless,0.0,open_leafless,0.0,open_leafless,0.0,open_leafless,0.0,open_leafless,1e-06
521,open_leafless,open_leafless,,open_leafless,0.000567,open_leafless,0.160099,open_leafless,0.001253,open_leafless,0.016632,open_leafless,0.007915,open_leafless,0.004707
522,open_leafless,open_leafless,,open_leafless,0.0,open_leafless,0.0,open_leafless,0.0,open_leafless,0.0,open_leafless,0.0,open_leafless,0.0
523,open_leafless,open_leafless,,open_leafless,0.0,open_leafless,7.3e-05,open_leafless,1.1e-05,open_leafless,4.4e-05,open_leafless,0.000299,open_leafless,0.000209
524,open_leafless,open_leafless,,open_leafless,0.003036,open_leafless,0.000148,open_leafless,0.000286,open_leafless,0.034503,open_leafless,0.001256,open_leafless,0.002146
525,open_leafless,open,,open,0.002918,open,0.0124,open,0.036663,open,0.007815,open,0.040147,open,0.064395
526,open_leafless,open_leafless,,open_leafless,0.0,open_leafless,0.0,open_leafless,2.9e-05,open_leafless,0.0,open_leafless,0.0,open_leafless,6e-06
527,open_leafless,open_leafless,,open_leafless,6.2e-05,open_leafless,0.492153,open_leafless,0.039106,open_leafless,0.076289,open_leafless,0.149366,open_leafless,0.099911
528,open_leafless,open_leafless,,open_leafless,0.0,open_leafless,0.0,open_leafless,0.0,open_leafless,2e-06,open_leafless,1e-06,open_leafless,1e-06
529,open_leafless,open_leafless,,open_leafless,0.0,open_leafless,0.0,open_leafless,5e-06,open_leafless,1e-06,open_leafless,0.00012,open_leafless,5e-06
530,open_leafless,open_leafless,,open_leafless,0.000389,open_leafless,0.000196,open_leafless,0.000466,open_leafless,0.001205,open_leafless,0.004235,open_leafless,0.000621
531,open_leafless,open_leafless,,open_leafless,2.9e-05,open_leafless,0.000222,open_leafless,0.098588,open_leafless,0.028823,open_leafless,0.167865,open_leafless,0.097838
532,open_leafless,open_leafless,,open_leafless,0.0,open_leafless,0.0,open_leafless,0.0,open_leafless,1e-06,open_leafless,0.0,open_leafless,0.0
533,open_leafless,open_leafless,,open_leafless,0.0,open_leafless,0.0,open_leafless,0.0,open_leafless,0.0,open_leafless,0.0,open_leafless,0.0
534,open_leafless,open_leafless,,open_leafless,0.0,open_leafless,0.0,open_leafless,0.0,open_leafless,0.0,open_leafless,0.0,open_leafless,0.0
535,open_leafless,open_leafless,,open_leafless,8e-06,open_leafless,0.0,open_leafless,1e-06,open_leafless,1.3e-05,open_leafless,1e-06,open_leafless,0.000174
536,open_leafless,open_leafless,,open_leafless,0.0,open_leafless,0.0,open_leafless,0.0,open_leafless,0.0,open_leafless,0.0,open_leafless,0.0
537,open_leafless,open_leafless,,open_leafless,0.0,open_leafless,1e-05,open_leafless,2e-06,open_leafless,0.0,open_leafless,0.0,open_leafless,0.0
538,open_leafless,sparse_leafless,,sparse_leafless,0.152608,sparse_leafless,0.246713,sparse_leafless,0.292499,sparse_leafless,0.136804,sparse_leafless,0.170198,sparse_leafless,0.033714
539,open_leafless,open_leafless,,open_leafless,1e-06,open_leafless,9e-06,open_leafless,8.4e-05,open_leafless,0.000104,open_leafless,3e-05,open_leafless,0.000176
540,open_leafless,open_leafless,,open_leafless,0.0,open_leafless,0.0,open_leafless,0.0,open_leafless,0.0,open_leafless,0.0,open_leafless,0.0
541,open_leafless,open_leafless,,open_leafless,2e-06,open_leafless,5e-06,open_leafless,1.3e-05,open_leafless,7.1e-05,open_leafless,4e-06,open_leafless,5.9e-05
542,open_leafless,open_leafless,,open_leafless,0.0,open_leafless,0.0,open_leafless,0.0,open_leafless,0.0,open_leafless,0.0,open_leafless,0.0
543,open_leafless,open_leafless,,open_leafless,0.206652,open_leafless,0.002973,open_leafless,0.040196,open_leafless,0.04269,open_leafless,0.095532,open_leafless,0.100995
544,open_leafless,open_leafless,,open_leafless,0.0,open_leafless,0.0,open_leafless,1e-06,open_leafless,0.0,open_leafless,1.6e-05,open_leafless,1.9e-05
545,open_leafless,open_leafless,,open_leafless,0.0,open_leafless,0.0,open_leafless,0.0,open_leafless,0.0,open_leafless,0.0,open_leafless,0.0
546,open_leafless,open_leafless,,open_leafless,0.022885,open_leafless,0.01588,open_leafless,0.04236,open_leafless,0.000209,open_leafless,0.00401,open_leafless,0.002236
547,open_leafless,open_leafless,,open_leafless,0.006668,open_leafless,0.001029,open_leafless,0.000463,open_leafless,0.04726,open_leafless,0.019735,open_leafless,0.001388
548,open_leafless,open_leafless,,open_leafless,9.5e-05,open_leafless,5.6e-05,open_leafless,0.000139,open_leafless,4.5e-05,open_leafless,0.000488,open_leafless,0.001304
549,open_leafless,open_leafless,,open_leafless,4e-06,open_leafless,0.000835,open_leafless,1.2e-05,open_leafless,0.000222,open_leafless,1.3e-05,open_leafless,0.00022
550,open_leafless,open_leafless,,open_leafless,0.030199,open_leafless,0.065867,open_leafless,0.054173,open_leafless,0.175777,open_leafless,0.121387,open_leafless,0.167943
551,open_leafless,open_leafless,,open_leafless,0.0,open_leafless,0.0,open_leafless,0.0,open_leafless,0.0,open_leafless,0.0,open_leafless,0.0
552,open_leafless,open_leafless,,open_leafless,1e-06,open_leafless,8e-06,open_leafless,0.004278,open_leafless,3.5e-05,open_leafless,0.000667,open_leafless,0.001232
553,open_leafless,open_leafless,,open_leafless,0.0,open_leafless,0.0,open_leafless,0.0,open_leafless,0.0,open_leafless,0.0,open_leafless,0.0
554,open_leafless,open_leafless,,open_leafless,0.0,open_leafless,0.0,open_leafless,0.0,open_leafless,2e-06,open_leafless,8e-06,open_leafless,2.4e-05
555,open_leafless,open_leafless,,open_leafless,0.0,open_leafless,0.0,open_leafless,0.0,open_leafless,1e-06,open_leafless,0.0,open_leafless,0.0
556,open_leafless,open_leafless,,open_leafless,0.0,open_leafless,0.0,open_leafless,0.0,open_leafless,0.0,open_leafless,0.0,open_leafless,0.0
557,open_leafless,open_leafless,,open_leafless,0.0,open_leafless,0.0,open_leafless,0.0,open_leafless,0.0,open_leafless,0.0,open_leafless,0.0
558,open_leafless,open_leafless,,open_leafless,0.000123,open_leafless,0.071344,open_leafless,0.22811,open_leafless,0.048037,open_leafless,0.113023,open_leafless,0.199594
559,open_leafless,open_leafless,,open_leafless,0.016277,open_leafless,0.000747,open_leafless,0.170638,open_leafless,0.003433,open_leafless,0.008855,open_leafless,0.001064
560,open_leafless,open_leafless,,open_leafless,6e-06,open_leafless,0.001993,open_leafless,4.5e-05,open_leafless,0.000484,open_leafless,7.9e-05,open_leafless,0.001467
561,open_leafless,open_leafless,,open_leafless,0.0,open_leafless,2.5e-05,open_leafless,2.1e-05,open_leafless,1e-06,open_leafless,1e-05,open_leafless,0.000194
562,open_leafless,open_leafless,,open_leafless,0.003613,open_leafless,0.024416,open_leafless,0.060035,open_leafless,0.000103,open_leafless,0.002135,open_leafless,0.00636
563,open_leafless,open_leafless,,open_leafless,0.0,open_leafless,0.0,open_leafless,0.0,open_leafless,0.0,open_leafless,0.0,open_leafless,0.0
564,open_leafless,open_leafless,,open_leafless,0.0,open_leafless,0.0,open_leafless,0.0,open_leafless,6e-06,open_leafless,0.0,open_leafless,0.0
565,open_leafless,open_leafless,,open_leafless,0.0,open_leafless,0.0,open_leafless,0.0,open_leafless,0.0,open_leafless,0.0,open_leafless,0.0
566,open_leafless,open_leafless,,open_leafless,0.0,open_leafless,0.0,open_leafless,0.0,open_leafless,0.0,open_leafless,0.0,open_leafless,0.0
567,open_leafless,open_leafless,,open_leafless,0.0,open_leafless,1e-06,open_leafless,1e-05,open_leafless,0.0,open_leafless,0.000158,open_leafless,3.9e-05
568,open_leafless,open_leafless,,open,0.042724,open_leafless,0.009454,open_leafless,0.059902,open,0.224153,open,0.259496,open_leafless,0.490826
569,open_leafless,open_leafless,,open_leafless,8.8e-05,open_leafless,0.000318,open_leafless,0.076592,open_leafless,0.009327,open_leafless,0.0092,open_leafless,0.005466
570,open_leafless,open_leafless,,open_leafless,0.0,open_leafless,0.0,open_leafless,0.0,open_leafless,0.0,open_leafless,0.0,open_leafless,0.0
571,open_leafless,open_leafless,,open_leafless,0.0,open_leafless,0.0,open_leafless,2e-06,open_leafless,0.0,open_leafless,0.0,open_leafless,2e-06
572,open_leafless,open_leafless,,open_leafless,0.005713,open_leafless,0.406393,open_leafless,0.0924,open_leafless,0.323991,open_leafless,0.269567,open_leafless,0.201149
573,open_leafless,open_leafless,,open_leafless,0.0,open_leafless,0.0,open_leafless,0.0,open_leafless,0.0,open_leafless,1e-06,open_leafless,0.0
574,open_leafless,open_leafless,,open_leafless,0.0,open_leafless,0.0,open_leafless,0.0,open_leafless,0.0,open_leafless,0.0,open_leafless,0.0
575,open_leafless,open_leafless,,open_leafless,1.8e-05,open_leafless,3e-06,open_leafless,2e-06,open_leafless,4.9e-05,open_leafless,3.8e-05,open_leafless,0.000135
576,open_leafless,open_leafless,,open_leafless,0.0,open_leafless,0.0,open_leafless,0.0,open_leafless,0.0,open_leafless,0.0,open_leafless,0.0
577,open_leafless,open_leafless,,open_leafless,0.0,open_leafless,1.2e-05,open_leafless,0.0,open_leafless,0.0,open_leafless,0.0,open_leafless,1e-06
578,open_leafless,open_leafless,,open_leafless,0.0,open_leafless,0.0,open_leafless,0.0,open_leafless,0.0,open_leafless,1e-06,open_leafless,0.0
579,open_leafless,open_leafless,,open_leafless,0.00023,open_leafless,2.4e-05,open_leafless,1.1e-05,open_leafless,7.1e-05,open_leafless,9.8e-05,open_leafless,4e-05
580,open_leafless,open_leafless,,open_leafless,0.0,open_leafless,0.0,open_leafless,0.0,open_leafless,0.0,open_leafless,0.0,open_leafless,0.0
581,open_leafless,open_leafless,,open_leafless,1.1e-05,open_leafless,0.013429,open_leafless,0.034571,open_leafless,0.026493,open_leafless,0.024261,open_leafless,0.022344
582,open_leafless,open_leafless,,open_leafless,0.0,open_leafless,0.0,open_leafless,0.0,open_leafless,0.0,open_leafless,0.0,open_leafless,0.0
583,open_leafless,open_leafless,,open_leafless,0.0,open_leafless,0.0,open_leafless,2e-06,open_leafless,0.0,open_leafless,0.0,open_leafless,0.0
584,open_leafless,open_leafless,,open_leafless,0.0,open_leafless,0.0,open_leafless,2e-06,open_leafless,0.0,open_leafless,1e-06,open_leafless,0.0
585,open_leafless,open_leafless,,open_leafless,0.0,open_leafless,0.0,open_leafless,1e-06,open_leafless,0.0,open_leafless,0.0,open_leafless,0.0
586,open_leafless,open_leafless,,open_leafless,0.0,open_leafless,0.0,open_leafless,0.0,open_leafless,0.0,open_leafless,0.0,open_leafless,0.0
587,open_leafless,open_leafless,,open_leafless,0.000226,open_leafless,1.2e-05,open_leafless,0.001517,open_leafless,8.2e-05,open_leafless,0.000475,open_leafless,6.7e-05
588,open_leafless,open_leafless,,open_leafless,0.626628,open_leafless,0.059258,open_leafless,0.508811,open_leafless,0.362954,open_leafless,0.057558,open_leafless,0.126538
589,open_leafless,open_leafless,,open_leafless,1.9e-05,open_leafless,6e-06,open_leafless,0.000167,open_leafless,1.2e-05,open_leafless,6e-06,open_leafless,3e-06
590,open_leafless,open_leafless,,open_leafless,0.0,open_leafless,0.0,open_leafless,0.0,open_leafless,0.0,open_leafless,8e-06,open_leafless,2e-06
591,open_leafless,open_leafless,,open_leafless,0.0,open_leafless,0.0,open_leafless,0.0,open_leafless,0.0,open_leafless,0.0,open_leafless,0.0
592,open_leafless,open_leafless,,open_leafless,0.0,open_leafless,0.0,open_leafless,0.0,open_leafless,0.0,open_leafless,0.0,open_leafless,0.0
593,open_leafless,open_leafless,,open_leafless,0.0,open_leafless,0.0,open_leafless,0.0,open_leafless,0.0,open_leafless,0.0,open_leafless,0.0
594,open_leafless,open_leafless,,open_leafless,0.0,open_leafless,0.0,open_leafless,0.0,open_leafless,0.0,open_leafless,0.0,open_leafless,0.0
595,open_leafless,open_leafless,,open_leafless,0.0,open_leafless,0.0,open_leafless,0.0,open_leafless,0.0,open_leafless,0.0,open_leafless,0.0
596,open_leafless,open_leafless,,open_leafless,0.0,open_leafless,0.0,open_leafless,0.0,open_leafless,0.0,open_leafless,0.0,open_leafless,0.0
597,open_leafless,open_leafless,,open_leafless,0.0,open_leafless,0.0,open_leafless,0.0,open_leafless,2e-06,open_leafless,0.0,open_leafless,0.0
598,open_leafless,open_leafless,,open_leafless,0.0,open_leafless,0.0,open_leafless,0.0,open_leafless,0.0,open_leafless,0.0,open_leafless,0.0
599,open_leafless,open_leafless,,open_leafless,0.0,open_leafless,8e-06,open_leafless,3e-06,open_leafless,7.4e-05,open_leafless,2e-06,open_leafless,1.2e-05
600,open_leafless,open_leafless,,open_leafless,0.0,open_leafless,0.0,open_leafless,0.0,open_leafless,0.0,open_leafless,0.0,open_leafless,1e-06
601,open_leafless,open_leafless,,open_leafless,1e-06,open_leafless,2e-06,open_leafless,1e-06,open_leafless,2.4e-05,open_leafless,7e-06,open_leafless,2.5e-05
602,open_leafless,sparse_leafless,,sparse_leafless,2e-06,sparse_leafless,0.000393,sparse_leafless,5.7e-05,sparse_leafless,1.1e-05,sparse_leafless,0.024066,sparse_leafless,0.018544
603,open_leafless,open_leafless,,open_leafless,0.0,open_leafless,0.0,open_leafless,0.0,open_leafless,0.0,open_leafless,0.0,open_leafless,0.0
604,open_leafless,open_leafless,,open_leafless,0.0,open_leafless,0.0,open_leafless,1e-06,open_leafless,0.0,open_leafless,1e-06,open_leafless,4e-06
605,open_leafless,open_leafless,,open_leafless,2e-06,open_leafless,1.6e-05,open_leafless,4.5e-05,open_leafless,0.000479,open_leafless,7.5e-05,open_leafless,3.3e-05
606,open_leafless,open_leafless,,open_leafless,0.0,open_leafless,9.9e-05,open_leafless,0.000188,open_leafless,4.2e-05,open_leafless,3e-06,open_leafless,4.6e-05
607,open_leafless,open_leafless,,open_leafless,0.0,open_leafless,1e-06,open_leafless,1e-06,open_leafless,6e-06,open_leafless,1e-06,open_leafless,0.0
608,open_leafless,open_leafless,,open_leafless,1.1e-05,open_leafless,0.00243,open_leafless,0.000378,open_leafless,0.000628,open_leafless,0.000514,open_leafless,0.00127
609,open_leafless,open_leafless,,open_leafless,0.0,open_leafless,3e-06,open_leafless,3e-06,open_leafless,0.0,open_leafless,0.0,open_leafless,0.0
610,open_leafless,open_leafless,,open_leafless,1e-06,open_leafless,0.000101,open_leafless,4e-06,open_leafless,6e-06,open_leafless,0.001097,open_leafless,4e-06
611,open_leafless,open_leafless,,open_leafless,1e-06,open_leafless,0.0,open_leafless,4e-06,open_leafless,1e-06,open_leafless,0.0,open_leafless,6e-06
612,open_leafless,open_leafless,,open_leafless,0.0,open_leafless,0.0,open_leafless,0.0,open_leafless,0.0,open_leafless,0.0,open_leafless,0.0
613,open_leafless,open_leafless,,open_leafless,0.0,open_leafless,0.0,open_leafless,0.0,open_leafless,0.0,open_leafless,0.0,open_leafless,0.0
614,open_leafless,open_leafless,,open_leafless,0.0,open_leafless,0.0,open_leafless,0.0,open_leafless,0.0,open_leafless,0.0,open_leafless,0.0
615,open_leafless,open_leafless,,open_leafless,0.0,open_leafless,0.0,open_leafless,0.0,open_leafless,0.0,open_leafless,0.0,open_leafless,0.0
616,open_leafless,open_leafless,,open_leafless,0.000234,open_leafless,0.003969,open_leafless,0.000478,open_leafless,0.007956,open_leafless,0.008238,open_leafless,0.001829
617,open_leafless,open,,open,3e-06,open,0.0046,open,0.045272,open,0.075428,open,0.080252,open,0.091631
618,open_leafless,open_leafless,,open_leafless,0.0,open_leafless,0.0,open_leafless,0.0,open_leafless,0.0,open_leafless,1e-06,open_leafless,1e-06
619,open_leafless,open_leafless,,open_leafless,5e-06,open_leafless,0.000229,open_leafless,0.018968,open_leafless,0.000401,open_leafless,0.000303,open_leafless,0.001069
620,open_leafless,open_leafless,,open_leafless,0.0,open_leafless,0.0,open_leafless,0.0,open_leafless,0.0,open_leafless,0.0,open_leafless,0.0
621,open_leafless,open_leafless,,open_leafless,0.0,open_leafless,0.0,open_leafless,0.0,open_leafless,0.0,open_leafless,0.0,open_leafless,0.0
622,open_leafless,open_leafless,,open_leafless,0.0,open_leafless,0.0,open_leafless,0.0,open_leafless,0.0,open_leafless,0.0,open_leafless,0.0
623,open_leafless,open_leafless,,open_leafless,0.0,open_leafless,0.0,open_leafless,0.0,open_leafless,0.0,open_leafless,0.0,open_leafless,0.0
624,open_leafless,open_leafless,,open_leafless,0.0,open_leafless,0.0,open_leafless,0.0,open_leafless,0.0,open_leafless,0.0,open_leafless,0.0
625,open_leafless,open_leafless,,open_leafless,0.0,open_leafless,0.0,open_leafless,0.0,open_leafless,0.0,open_leafless,0.0,open_leafless,0.0
626,open_leafless,open_leafless,,open_leafless,0.0,open_leafless,0.0,open_leafless,0.0,open_leafless,0.0,open_leafless,0.0,open_leafless,0.0
627,open_leafless,open_leafless,,open_leafless,0.0,open_leafless,0.0,open_leafless,0.0,open_leafless,0.0,open_leafless,0.0,open_leafless,0.0
628,open_leafless,open_leafless,,open_leafless,0.0,open_leafless,0.0,open_leafless,0.0,open_leafless,0.0,open_leafless,0.0,open_leafless,0.0
629,open_leafless,open_leafless,,open_leafless,0.0,open_leafless,0.0,open_leafless,0.0,open_leafless,0.0,open_leafless,0.0,open_leafless,0.0
630,open_leafless,open_leafless,,open_leafless,0.0,open_leafless,0.0,open_leafless,0.0,open_leafless,0.0,open_leafless,0.0,open_leafless,0.0
631,open_leafless,open_leafless,,open_leafless,0.0,open_leafless,0.0,open_leafless,0.0,open_leafless,0.0,open_leafless,0.0,open_leafless,0.0
632,open_leafless,open_leafless,,open_leafless,0.0,open_leafless,0.0,open_leafless,0.0,open_leafless,0.0,open_leafless,0.0,open_leafless,0.0
633,open_leafless,open_leafless,,open_leafless,0.0,open_leafless,0.0,open_leafless,0.0,open_leafless,0.0,open_leafless,0.0,open_leafless,0.0
634,open_leafless,open_leafless,,open_leafless,0.0,open_leafless,0.0,open_leafless,0.0,open_leafless,0.0,open_leafless,0.0,open_leafless,0.0
635,open_leafless,open_leafless,,open_leafless,0.0,open_leafless,0.0,open_leafless,0.0,open_leafless,0.0,open_leafless,0.0,open_leafless,0.0
636,open_leafless,open_leafless,,open_leafless,0.0,open_leafless,0.0,open_leafless,0.0,open_leafless,0.0,open_leafless,0.0,open_leafless,0.0
637,open_leafless,open_leafless,,open_leafless,0.0,open_leafless,0.0,open_leafless,0.0,open_leafless,0.0,open_leafless,0.0,open_leafless,0.0
638,open_leafless,open_leafless,,open_leafless,0.000154,open_leafless,0.158306,open_leafless,0.092081,open_leafless,0.003454,open_leafless,0.057278,open_leafless,0.005786
639,open_leafless,open_leafless,,open_leafless,0.000133,open_leafless,0.000146,open_leafless,0.0023,open_leafless,0.000381,open_leafless,0.005805,open_leafless,0.001006
640,open_leafless,open_leafless,,open_leafless,0.0,open_leafless,0.0,open_leafless,1e-06,open_leafless,1e-06,open_leafless,3e-06,open_leafless,1e-06
641,open_leafless,open_leafless,,open_leafless,0.0,open_leafless,0.0,open_leafless,1e-06,open_leafless,0.0,open_leafless,0.0,open_leafless,0.0
642,open_leafless,open_leafless,,open_leafless,0.0,open_leafless,0.0,open_leafless,0.0,open_leafless,0.0,open_leafless,0.0,open_leafless,0.0
643,open_leafless,open_leafless,,open_leafless,0.0,open_leafless,0.0,open_leafless,0.0,open_leafless,0.0,open_leafless,0.0,open_leafless,0.0
644,open_leafless,open_leafless,,open_leafless,0.0,open_leafless,0.0,open_leafless,0.0,open_leafless,0.0,open_leafless,0.0,open_leafless,0.0
645,open_leafless,open_leafless,,open_leafless,0.0,open_leafless,0.0,open_leafless,0.0,open_leafless,0.0,open_leafless,0.0,open_leafless,0.0
646,open_leafless,open_leafless,,open_leafless,0.0,open_leafless,0.0,open_leafless,0.0,open_leafless,0.0,open_leafless,0.0,open_leafless,0.0
647,open_leafless,open_leafless,,open_leafless,0.0,open_leafless,0.0,open_leafless,0.0,open_leafless,0.0,open_leafless,0.0,open_leafless,0.0
648,open_leafless,open_leafless,,open_leafless,0.0,open_leafless,0.0,open_leafless,0.0,open_leafless,0.0,open_leafless,0.0,open_leafless,0.0
649,open_leafless,open_leafless,,open_leafless,0.0,open_leafless,0.0,open_leafless,0.0,open_leafless,0.0,open_leafless,0.0,open_leafless,0.0
650,open_leafless,open_leafless,,open_leafless,0.0,open_leafless,0.0,open_leafless,2.4e-05,open_leafless,1.4e-05,open_leafless,0.0,open_leafless,4e-06
651,open_leafless,open_leafless,,open_leafless,0.0,open_leafless,0.0,open_leafless,0.0,open_leafless,0.0,open_leafless,0.0,open_leafless,0.0
652,open_leafless,open_leafless,,open_leafless,0.001062,open_leafless,0.128392,open_leafless,0.023151,open_leafless,0.004752,open_leafless,0.000673,open_leafless,0.002487
653,open_leafless,open_leafless,,open_leafless,0.0,open_leafless,0.0,open_leafless,1.7e-05,open_leafless,1e-06,open_leafless,9.1e-05,open_leafless,6e-06
654,open_leafless,open_leafless,,open_leafless,0.0,open_leafless,0.0,open_leafless,0.0,open_leafless,0.001058,open_leafless,0.0,open_leafless,6e-06
655,open_leafless,open_leafless,,open_leafless,0.0,open_leafless,0.0,open_leafless,0.0,open_leafless,0.0,open_leafless,0.0,open_leafless,0.0
656,open_leafless,open_leafless,,open_leafless,0.0,open_leafless,0.0,open_leafless,0.0,open_leafless,0.0,open_leafless,0.0,open_leafless,0.0
657,open_leafless,open_leafless,,open_leafless,0.0,open_leafless,0.0,open_leafless,0.0,open_leafless,0.0,open_leafless,0.0,open_leafless,0.0
658,open_leafless,open_leafless,,open_leafless,0.0,open_leafless,0.0,open_leafless,0.0,open_leafless,0.0,open_leafless,0.0,open_leafless,0.0
659,open_leafless,open_leafless,,open_leafless,0.0,open_leafless,0.0,open_leafless,0.0,open_leafless,0.0,open_leafless,0.0,open_leafless,0.0
660,open_leafless,open_leafless,,open_leafless,0.0,open_leafless,0.0,open_leafless,0.0,open_leafless,0.0,open_leafless,0.0,open_leafless,0.0
661,open_leafless,open_leafless,,open_leafless,3.3e-05,open_leafless,6e-06,open_leafless,0.0,open_leafless,1.5e-05,open_leafless,1e-06,open_leafless,0.0
662,open_leafless,open_leafless,,open_leafless,0.0,open_leafless,0.0,open_leafless,1.3e-05,open_leafless,6e-06,open_leafless,1e-06,open_leafless,9.2e-05
663,open_leafless,open_leafless,,open_leafless,0.0,open_leafless,0.0,open_leafless,1e-06,open_leafless,0.0,open_leafless,0.0,open_leafless,0.0
664,open_leafless,open_leafless,,open_leafless,2e-06,open_leafless,0.0,open_leafless,3.3e-05,open_leafless,0.000132,open_leafless,3.1e-05,open_leafless,1.2e-05
665,open_leafless,sparse_leafless,,sparse_leafless,0.0,sparse_leafless,0.0,sparse_leafless,0.0,sparse_leafless,0.0,sparse_leafless,0.0,sparse_leafless,0.0
666,open_leafless,sparse_leafless,,sparse_leafless,0.000489,sparse_leafless,0.217525,sparse_leafless,0.051518,sparse_leafless,0.101515,sparse_leafless,0.040458,sparse_leafless,0.215134
667,open_leafless,open_leafless,,open_leafless,0.056567,open_leafless,0.135296,open_leafless,0.009476,open_leafless,0.091169,open_leafless,0.043657,open_leafless,0.059306
668,open_leafless,open_leafless,,open_leafless,0.001054,open_leafless,0.038016,open_leafless,0.165796,open_leafless,0.126259,open_leafless,0.177428,open_leafless,0.089767
669,open_leafless,sparse_leafless,,open_leafless,0.009088,open_leafless,0.249636,open_leafless,0.622555,open_leafless,0.385851,open_leafless,0.262222,open_leafless,0.24013
670,open_leafless,open_leafless,,open_leafless,0.0,open_leafless,0.0,open_leafless,0.0,open_leafless,0.0,open_leafless,0.0,open_leafless,0.0
671,open_leafless,open_leafless,,open_leafless,0.0,open_leafless,0.0,open_leafless,0.0,open_leafless,2e-06,open_leafless,0.0,open_leafless,0.0
672,open_leafless,open_leafless,,open_leafless,0.0,open_leafless,0.0,open_leafless,0.0,open_leafless,0.0,open_leafless,0.0,open_leafless,0.0
673,open_leafless,open_leafless,,open_leafless,6e-05,open_leafless,5.9e-05,open_leafless,0.001822,open_leafless,0.012373,open_leafless,0.000928,open_leafless,0.002545
674,open_leafless,open_leafless,,open_leafless,2.7e-05,open_leafless,0.004347,open_leafless,0.014526,open_leafless,0.001317,open_leafless,0.048476,open_leafless,0.01292
675,open_snow,open_snow,,open_snow,0.0,open_snow,2e-06,open_snow,2.2e-05,open_snow,1e-06,open_snow,5.3e-05,open_snow,5.5e-05
676,open_snow,open_snow,,open_snow,0.0,open_snow,0.000105,open_snow,1e-06,open_snow,0.001646,open_snow,8.7e-05,open_snow,0.000611
677,open_snow,open_snow,,open_snow,0.0,open_snow,8.9e-05,open_snow,0.000305,open_snow,5.8e-05,open_snow,0.000567,open_snow,0.003235
678,open_snow,open_snow,,open_snow,0.0,open_snow,0.0,open_snow,1e-06,open_snow,0.0,open_snow,3e-06,open_snow,4e-06
679,open_snow,sparse_snow,,sparse_snow,3.6e-05,sparse_snow,0.024874,sparse_snow,0.564615,sparse_snow,0.377697,sparse_snow,0.354524,sparse_snow,0.154126
680,open_snow,sparse_snow,,sparse_snow,0.0,sparse_snow,0.0,sparse_snow,0.0,sparse_snow,0.0,sparse_snow,0.0,sparse_snow,0.0
681,open_snow,open_snow,,open_snow,0.0,open_snow,0.0,open_snow,0.0,open_snow,0.0,open_snow,0.0,open_snow,0.0
682,open_snow,open_snow,,open_snow,0.0,open_snow,1e-06,open_snow,0.0,open_snow,0.0,open_snow,0.0,open_snow,0.0
683,open_snow,open_snow,,open_snow,0.0,open_snow,0.0,open_snow,0.0,open_snow,0.0,open_snow,6e-06,open_snow,0.0
684,open_snow,open_snow,,open_snow,0.0,open_snow,0.0,open_snow,0.0,open_snow,2e-06,open_snow,0.0,open_snow,5e-06
685,open_snow,open_snow,,open_snow,0.0,open_snow,0.0,open_snow,0.0,open_snow,0.0,open_snow,0.0,open_snow,0.0
686,open_snow,open_snow,,open_snow,1e-06,open_snow,0.0,open_snow,5e-06,open_snow,7.3e-05,open_snow,3e-06,open_snow,3e-06
687,open_snow,open_snow,,open_snow,0.0,open_snow,9e-06,open_snow,2e-05,open_snow,8e-05,open_snow,4.4e-05,open_snow,2e-06
688,open_snow,open_snow,,open_snow,3e-06,open_snow,4e-06,open_snow,1e-06,open_snow,2e-06,open_snow,3e-06,open_snow,9e-06
689,open_snow,open_snow,,open_snow,0.0,open_snow,0.0,open_snow,0.0,open_snow,0.0,open_snow,0.0,open_snow,0.0
690,open_snow,open_snow,,open_snow,0.0,open_snow,0.0,open_snow,0.0,open_snow,0.0,open_snow,0.0,open_snow,0.0
691,open_snow,open_snow,,open_snow,0.0,open_snow,0.0,open_snow,0.0,open_snow,0.0,open_snow,0.0,open_snow,0.0
692,open_snow,open_snow,,open_snow,4e-06,open_snow,1e-06,open_snow,0.000128,open_snow,6e-06,open_snow,1e-06,open_snow,1e-06
693,open_snow,open_snow,,open_snow,0.0,open_snow,0.0,open_snow,0.0,open_snow,0.0,open_snow,0.0,open_snow,0.0
694,open_snow,open_snow,,open_snow,0.0,open_snow,0.0,open_snow,0.0,open_snow,0.0,open_snow,0.0,open_snow,0.0
695,open_snow,open_snow,,open_snow,0.0,open_snow,0.0,open_snow,0.0,open_snow,0.0,open_snow,0.0,open_snow,0.0
696,open_snow,open_snow,,open_snow,0.0,open_snow,0.0,open_snow,0.0,open_snow,0.0,open_snow,0.0,open_snow,0.0
697,open_snow,open_snow,,open_snow,0.0,open_snow,0.0,open_snow,0.0,open_snow,0.0,open_snow,0.0,open_snow,0.0
698,open_snow,open_snow,,open_snow,0.0,open_snow,0.0,open_snow,0.0,open_snow,0.0,open_snow,0.0,open_snow,0.0
699,open_snow,open_snow,,open_snow,0.0,open_snow,0.0,open_snow,0.0,open_snow,0.0,open_snow,0.0,open_snow,0.0
700,open_snow,open_snow,,open_snow,0.0,open_snow,0.0,open_snow,0.0,open_snow,0.0,open_snow,0.0,open_snow,0.0
701,open_snow,open_snow,,open_snow,0.0,open_snow,0.0,open_snow,0.0,open_snow,0.0,open_snow,0.0,open_snow,0.0
702,open_snow,open_snow,,open_snow,0.0,open_snow,0.0,open_snow,0.0,open_snow,0.0,open_snow,0.0,open_snow,0.0
703,open_snow,open_snow,,open_snow,0.0,open_snow,0.0,open_snow,0.0,open_snow,0.0,open_snow,0.0,open_snow,0.0
704,open_snow,open_snow,,open_snow,0.0,open_snow,0.0,open_snow,0.0,open_snow,0.0,open_snow,0.0,open_snow,0.0
705,open_snow,open_snow,,open_snow,0.0,open_snow,0.0,open_snow,0.0,open_snow,0.0,open_snow,0.0,open_snow,0.0
706,open_snow,open_snow,,open_snow,0.0,open_snow,0.0,open_snow,0.0,open_snow,0.0,open_snow,0.0,open_snow,0.0
707,open_snow,open_snow,,open_snow,0.0,open_snow,0.0,open_snow,0.0,open_snow,0.0,open_snow,0.0,open_snow,0.0
708,open_snow,open_snow,,open_snow,0.0,open_snow,0.0,open_snow,0.0,open_snow,0.0,open_snow,0.0,open_snow,0.0
709,open_snow,open_snow,,open_snow,0.0,open_snow,0.0,open_snow,0.0,open_snow,0.0,open_snow,0.0,open_snow,0.0
710,open_snow,open_snow,,open_snow,0.0,open_snow,0.0,open_snow,0.0,open_snow,0.0,open_snow,0.0,open_snow,0.0
711,open_snow,open_snow,,open_snow,0.0,open_snow,0.0,open_snow,0.0,open_snow,0.0,open_snow,0.0,open_snow,0.0
712,open_snow,open_snow,,open_snow,0.0,open_snow,0.0,open_snow,0.0,open_snow,0.0,open_snow,0.0,open_snow,0.0
713,open_snow,open_snow,,open_snow,0.0,open_snow,0.0,open_snow,0.0,open_snow,0.0,open_snow,0.0,open_snow,0.0
714,open_snow,open_snow,,open_snow,0.0,open_snow,0.0,open_snow,0.0,open_snow,0.0,open_snow,0.0,open_snow,0.0
715,open_snow,open_snow,,open_snow,0.0,open_snow,0.0,open_snow,0.0,open_snow,0.0,open_snow,0.0,open_snow,0.0
716,open_snow,open_snow,,open_snow,0.0,open_snow,0.0,open_snow,0.0,open_snow,0.0,open_snow,0.0,open_snow,0.0
717,open_snow,open_snow,,open_snow,0.0,open_snow,0.0,open_snow,0.0,open_snow,0.0,open_snow,0.0,open_snow,0.0
718,open_snow,open_snow,,open_snow,0.0,open_snow,0.0,open_snow,0.0,open_snow,0.0,open_snow,0.0,open_snow,0.0
719,open_snow,open_snow,,open_snow,0.0,open_snow,0.0,open_snow,0.0,open_snow,0.0,open_snow,0.0,open_snow,0.0
720,open_snow,open_snow,,open_snow,0.0,open_snow,0.0,open_snow,0.0,open_snow,0.0,open_snow,0.0,open_snow,0.0
721,open_snow,open_snow,,open_snow,0.0,open_snow,0.0,open_snow,0.0,open_snow,0.0,open_snow,0.0,open_snow,0.0
722,open_snow,open_snow,,open_snow,0.0,open_snow,0.0,open_snow,0.0,open_snow,0.0,open_snow,0.0,open_snow,0.0
723,open_snow,open_snow,,open_snow,0.0,open_snow,0.0,open_snow,0.0,open_snow,0.0,open_snow,0.0,open_snow,0.0
724,open_snow,open_snow,,open_snow,0.0,open_snow,0.0,open_snow,0.0,open_snow,0.0,open_snow,0.0,open_snow,0.0
725,open_snow,open_snow,,open_snow,0.0,open_snow,0.0,open_snow,0.0,open_snow,0.0,open_snow,0.0,open_snow,0.0
726,open_snow,open_snow,,open_snow,0.0,open_snow,0.0,open_snow,0.0,open_snow,0.0,open_snow,1e-06,open_snow,0.0
727,open_snow,open_snow,,open_snow,0.0,open_snow,0.0,open_snow,0.0,open_snow,0.0,open_snow,0.0,open_snow,0.0
728,open_snow,open_snow,,open_snow,0.0,open_snow,0.0,open_snow,0.0,open_snow,0.0,open_snow,0.0,open_snow,0.0
729,open_snow,open_snow,,open_snow,0.0,open_snow,0.0,open_snow,0.0,open_snow,0.0,open_snow,0.0,open_snow,0.0
730,open_snow,open_snow,,open_snow,0.0,open_snow,0.0,open_snow,0.0,open_snow,0.0,open_snow,0.0,open_snow,0.0
731,open_snow,open_snow,,open_snow,0.0,open_snow,0.0,open_snow,0.0,open_snow,0.0,open_snow,0.0,open_snow,0.0
732,open_snow,open_snow,,open_snow,0.0,open_snow,0.0,open_snow,0.0,open_snow,0.0,open_snow,0.0,open_snow,0.0
733,open_snow,open_snow,,open_snow,0.0,open_snow,0.0,open_snow,0.0,open_snow,2e-06,open_snow,0.0,open_snow,0.0
734,open_snow,open_snow,,open_snow,0.0,open_snow,0.0,open_snow,0.0,open_snow,0.0,open_snow,0.0,open_snow,0.0
735,open_snow,open_snow,,open_snow,0.0,open_snow,0.0,open_snow,0.0,open_snow,0.0,open_snow,0.0,open_snow,0.0
736,open_snow,open_snow,,open_snow,0.0,open_snow,0.0,open_snow,0.0,open_snow,0.0,open_snow,0.0,open_snow,0.0
737,open_snow,open_snow,,open_snow,0.0,open_snow,0.0,open_snow,0.0,open_snow,0.0,open_snow,0.0,open_snow,0.0
738,open_snow,open_snow,,open_snow,0.0,open_snow,0.0,open_snow,0.0,open_snow,0.0,open_snow,0.0,open_snow,0.0
739,open_snow,open_snow,,open_snow,0.0,open_snow,0.0,open_snow,0.0,open_snow,0.0,open_snow,0.0,open_snow,0.0
740,open_snow,open_snow,,open_snow,0.0,open_snow,0.0,open_snow,0.0,open_snow,0.0,open_snow,0.0,open_snow,0.0
741,open_snow,open_snow,,open_snow,0.0,open_snow,0.0,open_snow,0.0,open_snow,0.0,open_snow,0.0,open_snow,1e-06
742,open_snow,open_snow,,open_snow,8e-06,open_snow,7.2e-05,open_snow,0.009888,open_snow,0.002215,open_snow,0.026626,open_snow,0.012341
743,open_snow,open_snow,,open_snow,1e-06,open_snow,0.0,open_snow,3.4e-05,open_snow,7e-06,open_snow,1e-06,open_snow,1.7e-05
744,open_snow,open_snow,,open_snow,5.5e-05,open_snow,1e-06,open_snow,1.2e-05,open_snow,1.9e-05,open_snow,5e-05,open_snow,4.6e-05
745,open_snow,open_snow,,open_snow,0.0,open_snow,0.0,open_snow,0.0,open_snow,0.0,open_snow,0.0,open_snow,1e-06
746,open_snow,open_snow,,open_snow,0.0,open_snow,0.0,open_snow,0.0,open_snow,0.0,open_snow,0.0,open_snow,0.0
747,open_snow,open_snow,,open_snow,0.0,open_snow,0.0,open_snow,0.0,open_snow,0.0,open_snow,0.0,open_snow,0.0
748,open_snow,open_snow,,open_snow,2e-06,open_snow,0.0,open_snow,0.0,open_snow,0.0,open_snow,1e-06,open_snow,0.0
749,open_snow,open_snow,,open_snow,0.000488,open_snow,0.016944,open_snow,0.04256,open_snow,0.003308,open_snow,0.008966,open_snow,0.010521
750,open_snow,open_snow,,open_snow,0.0,open_snow,0.0,open_snow,0.0,open_snow,0.0,open_snow,0.0,open_snow,0.0
751,open_snow,open_snow,,open_snow,0.0,open_snow,0.000329,open_snow,3.4e-05,open_snow,9e-06,open_snow,0.000394,open_snow,0.000371
752,open_snow,open_snow,,open_snow,1e-06,open_snow,2e-06,open_snow,1e-05,open_snow,4e-06,open_snow,4e-06,open_snow,6e-06
753,open_snow,open_snow,,open_snow,0.0,open_snow,1.7e-05,open_snow,1e-06,open_snow,1e-06,open_snow,2e-06,open_snow,0.000721
754,open_snow,sparse_snow,,sparse_snow,1.5e-05,sparse_snow,0.0,sparse_snow,1e-06,sparse_snow,1e-05,sparse_snow,2e-06,sparse_snow,6.4e-05
755,sparse,sparse,,sparse,1e-05,sparse,7e-06,sparse,0.002109,sparse,5e-06,sparse,0.000304,sparse,7e-06
756,sparse,sparse,,sparse,0.0,sparse,0.0,sparse,0.0,sparse,0.0,sparse,0.0,sparse,0.0
757,sparse,sparse,,sparse,0.0,sparse,0.0,sparse,0.0,sparse,0.0,sparse,0.0,sparse,0.0
758,sparse,sparse,,sparse,0.0,sparse,0.0,sparse,0.0,sparse,0.0,sparse,0.0,sparse,0.0
759,sparse,sparse,,sparse,0.0,sparse,0.0,sparse,0.0,sparse,0.0,sparse,0.0,sparse,0.0
760,sparse,sparse,,sparse,0.0,sparse,0.0,sparse,0.0,sparse,0.0,sparse,0.0,sparse,0.0
761,sparse,sparse,,sparse,0.0,sparse,0.0,sparse,0.0,sparse,0.0,sparse,0.0,sparse,0.0
762,sparse,sparse,,sparse,0.0,sparse,0.0,sparse,0.0,sparse,0.0,sparse,0.0,sparse,0.0
763,sparse,sparse,,sparse,0.0,sparse,0.0,sparse,0.0,sparse,0.0,sparse,0.0,sparse,0.0
764,sparse,sparse,,sparse,0.0,sparse,1e-06,sparse,0.0,sparse,0.0,sparse,4e-06,sparse,0.0
765,sparse,sparse,,sparse,0.0,sparse,0.0,sparse,0.0,sparse,0.0,sparse,0.0,sparse,0.0
766,sparse,sparse,,sparse,0.0,sparse,0.0,sparse,0.0,sparse,0.0,sparse,0.0,sparse,0.0
767,sparse,sparse,,sparse,0.0,sparse,0.0,sparse,0.0,sparse,0.0,sparse,0.0,sparse,0.0
768,sparse,sparse,,sparse,0.0,sparse,0.0,sparse,0.0,sparse,0.0,sparse,0.0,sparse,0.0
769,sparse,open,,open,0.094917,open,0.003713,open,0.005584,open,0.011155,open,0.002656,open,0.002756
770,sparse,sparse,,sparse,2.1e-05,sparse,0.000569,sparse,0.000339,sparse,0.000152,sparse,0.000146,sparse,0.000154
771,sparse,sparse,,sparse,6.8e-05,sparse,0.00033,sparse,0.012761,sparse,0.000368,sparse,0.002047,sparse,0.001374
772,sparse,sparse,,sparse,0.161072,sparse,0.018314,sparse,0.126062,sparse,0.167938,sparse,0.215799,sparse,0.205005
773,sparse,sparse,,sparse,0.0,sparse,0.0,sparse,0.0,sparse,0.0,sparse,0.0,sparse,0.0
774,sparse,sparse,,sparse,0.0,sparse,0.0,sparse,0.0,sparse,0.0,sparse,0.0,sparse,0.0
775,sparse,sparse,,sparse,0.0,sparse,0.0,sparse,0.0,sparse,0.0,sparse,0.0,sparse,0.0
776,sparse,sparse,,sparse,0.0,sparse,0.0,sparse,0.0,sparse,0.0,sparse,0.0,sparse,0.0
777,sparse,sparse,,sparse,0.0,sparse,0.0,sparse,0.0,sparse,0.0,sparse,0.0,sparse,0.0
778,sparse,dense,,dense,0.002847,dense,0.000461,dense,0.002971,dense,0.004752,dense,0.014663,dense,0.119824
779,sparse,sparse,,sparse,0.0,sparse,0.0,sparse,0.0,sparse,1e-06,sparse,2e-06,sparse,3e-06
780,sparse,sparse,,sparse,0.0,sparse,0.0,sparse,0.0,sparse,0.0,sparse,0.0,sparse,0.0
781,sparse,sparse,,sparse,0.0,sparse,0.0,sparse,8e-06,sparse,1e-06,sparse,3e-06,sparse,2e-06
782,sparse,sparse,,sparse,0.0,sparse,0.0,sparse,0.0,sparse,0.0,sparse,0.0,sparse,0.0
783,sparse,sparse,,sparse,0.0,sparse,2e-06,sparse,1e-06,sparse,1e-06,sparse,1e-06,sparse,0.0
784,sparse,sparse,,sparse,0.0,sparse,0.0,sparse,0.0,sparse,0.0,sparse,0.0,sparse,0.0
785,sparse,sparse,,sparse,0.0,sparse,0.0,sparse,0.0,sparse,0.0,sparse,0.0,sparse,0.0
786,sparse,sparse,,sparse,0.0,sparse,0.0,sparse,0.0,sparse,0.0,sparse,0.0,sparse,0.0
787,sparse,sparse,,sparse,0.0,sparse,0.0,sparse,0.0,sparse,0.0,sparse,0.0,sparse,0.0
788,sparse,sparse,,sparse,0.0,sparse,0.0,sparse,0.0,sparse,0.0,sparse,0.0,sparse,0.0
789,sparse,sparse,,sparse,0.0,sparse,0.0,sparse,0.0,sparse,0.0,sparse,0.0,sparse,0.0
790,sparse,sparse,,sparse,0.0,sparse,0.0,sparse,0.0,sparse,0.0,sparse,0.0,sparse,0.0
791,sparse,dense,,sparse,0.119528,sparse,0.041275,sparse,0.155814,sparse,0.31264,sparse,0.066751,sparse,0.12426
792,sparse,sparse,,sparse,0.0,sparse,0.0,sparse,0.0,sparse,0.0,sparse,0.0,sparse,0.0
793,sparse,sparse,,sparse,0.010326,sparse,0.002528,sparse,0.069703,sparse,0.042735,sparse,0.014292,sparse,0.098277
794,sparse,sparse,,sparse,0.0,sparse,0.0,sparse,0.0,sparse,0.0,sparse,0.0,sparse,0.0
795,sparse,sparse,,sparse,3e-06,sparse,1e-06,sparse,2.5e-05,sparse,2.1e-05,sparse,6.6e-05,sparse,2.9e-05
796,sparse,sparse,,sparse,0.0,sparse,2e-06,sparse,0.0,sparse,1e-06,sparse,0.0,sparse,0.0
797,sparse,sparse,,sparse,0.0,sparse,5.5e-05,sparse,0.000326,sparse,1.6e-05,sparse,2e-05,sparse,1.1e-05
798,sparse,sparse,,sparse,0.0,sparse,0.0,sparse,0.0,sparse,0.0,sparse,0.0,sparse,0.0
799,sparse,sparse,,sparse,0.0,sparse,0.0,sparse,0.0,sparse,0.0,sparse,0.0,sparse,0.0
800,sparse,sparse,,sparse,0.0,sparse,0.0,sparse,0.0,sparse,0.0,sparse,0.0,sparse,0.0
801,sparse,sparse,,sparse,0.0,sparse,0.0,sparse,0.0,sparse,0.0,sparse,0.0,sparse,0.0
802,sparse,sparse,,sparse,0.0,sparse,0.0,sparse,0.0,sparse,0.0,sparse,1e-06,sparse,0.0
803,sparse,sparse,,sparse,0.0,sparse,0.0,sparse,0.0,sparse,0.0,sparse,0.0,sparse,0.0
804,sparse,sparse,,sparse,0.0,sparse,0.0,sparse,0.0,sparse,0.0,sparse,0.0,sparse,0.0
805,sparse,sparse,,sparse,0.0,sparse,0.0,sparse,0.0,sparse,0.0,sparse,0.0,sparse,0.0
806,sparse,sparse,,sparse,0.0,sparse,3e-06,sparse,0.0,sparse,1e-06,sparse,1e-06,sparse,1e-06
807,sparse,sparse,,sparse,0.0,sparse,0.0,sparse,0.0,sparse,0.0,sparse,0.0,sparse,0.0
808,sparse,sparse,,sparse,0.0,sparse,0.0,sparse,0.0,sparse,0.0,sparse,0.0,sparse,0.0
809,sparse,sparse,,sparse,0.0,sparse,0.0,sparse,0.0,sparse,0.0,sparse,0.0,sparse,0.0
810,sparse,sparse,,sparse,0.0,sparse,0.0,sparse,0.0,sparse,0.0,sparse,0.0,sparse,0.0
811,sparse,sparse,,sparse,0.0,sparse,0.0,sparse,0.0,sparse,0.0,sparse,0.0,sparse,0.0
812,sparse,sparse,,sparse,0.0,sparse,0.0,sparse,0.0,sparse,0.0,sparse,0.0,sparse,0.0
813,sparse,sparse,,sparse,0.0,sparse,0.0,sparse,0.0,sparse,0.0,sparse,0.0,sparse,0.0
814,sparse,sparse,,sparse,0.0,sparse,0.0,sparse,0.0,sparse,0.0,sparse,0.0,sparse,0.0
815,sparse,sparse,,sparse,0.0,sparse,0.0,sparse,0.0,sparse,0.0,sparse,0.0,sparse,0.0
816,sparse,sparse,,sparse,0.0,sparse,0.0,sparse,0.0,sparse,0.0,sparse,0.0,sparse,0.0
817,sparse,sparse,,sparse,0.0,sparse,0.0,sparse,0.0,sparse,0.0,sparse,0.0,sparse,0.0
818,sparse,sparse,,sparse,0.0,sparse,0.0,sparse,0.0,sparse,0.0,sparse,0.0,sparse,0.0
819,sparse,sparse,,sparse,0.0,sparse,0.0,sparse,0.0,sparse,0.0,sparse,0.0,sparse,0.0
820,sparse,sparse,,sparse,0.0,sparse,0.0,sparse,0.0,sparse,0.0,sparse,0.0,sparse,0.0
821,sparse,sparse,,sparse,0.0,sparse,0.0,sparse,0.0,sparse,0.0,sparse,0.0,sparse,0.0
822,sparse,sparse,,sparse,0.0,sparse,0.0,sparse,0.0,sparse,0.0,sparse,0.0,sparse,0.0
823,sparse,sparse,,sparse,0.0,sparse,0.0,sparse,0.0,sparse,0.0,sparse,0.0,sparse,0.0
824,sparse,sparse,,sparse,0.0,sparse,0.0,sparse,0.0,sparse,0.0,sparse,0.0,sparse,0.0
825,sparse,open,,open,1e-06,open,0.0,open,1e-06,open,0.000159,open,2.9e-05,open,0.000107
826,sparse,sparse,,sparse,0.0,sparse,0.0,sparse,0.0,sparse,0.0,sparse,0.0,sparse,0.0
827,sparse,sparse,,sparse,0.0,sparse,0.0,sparse,0.0,sparse,0.0,sparse,0.0,sparse,0.0
828,sparse,sparse,,sparse,0.0,sparse,2e-06,sparse,0.0,sparse,8e-06,sparse,2e-06,sparse,0.000181
829,sparse,sparse,,sparse,2.8e-05,sparse,0.000915,sparse,0.001747,sparse,0.003766,sparse,0.000114,sparse,0.00056
830,sparse,sparse,,sparse,0.0,sparse,0.0,sparse,0.0,sparse,0.0,sparse,0.0,sparse,0.0
831,sparse,sparse,,sparse,0.0,sparse,0.0,sparse,0.0,sparse,0.0,sparse,0.0,sparse,0.0
832,sparse,sparse,,sparse,0.0,sparse,0.0,sparse,0.0,sparse,0.0,sparse,0.0,sparse,0.0
833,sparse,sparse,,sparse,0.0,sparse,0.0,sparse,0.0,sparse,0.0,sparse,0.0,sparse,0.0
834,sparse,dense,,dense,0.505278,sparse,0.003264,sparse,1.0,sparse,0.236401,sparse,0.320917,sparse,0.350557
835,sparse,sparse_leafless,,sparse_leafless,0.758999,open,0.00011,open,0.963347,open,1.0,open,1.0,open,1.0
836,sparse,sparse,,sparse,0.0,sparse,0.0,sparse,0.0,sparse,0.0,sparse,0.0,sparse,0.0
837,sparse,sparse,,sparse,0.0,sparse,0.0,sparse,0.0,sparse,0.0,sparse,0.0,sparse,0.0
838,sparse,sparse,,sparse,0.0,sparse,0.0,sparse,0.0,sparse,0.0,sparse,0.0,sparse,0.0
839,sparse,sparse,,sparse,0.011542,sparse,0.002551,sparse,0.0897,sparse,0.071389,sparse,0.161701,sparse,0.082029
840,sparse,sparse,,sparse,0.0,sparse,0.0,sparse,0.0,sparse,0.0,sparse,0.0,sparse,0.0
841,sparse,sparse,,sparse,0.0,sparse,1.9e-05,sparse,1e-06,sparse,0.0,sparse,1e-06,sparse,8.1e-05
842,sparse,sparse,,sparse,0.0,sparse,0.0,sparse,0.0,sparse,0.0,sparse,0.0,sparse,0.0
843,sparse,sparse,,sparse,0.0,sparse,0.0,sparse,0.0,sparse,0.0,sparse,0.0,sparse,0.0
844,sparse,sparse,,sparse,0.0,sparse,0.0,sparse,0.0,sparse,0.0,sparse,0.0,sparse,0.0
845,sparse,sparse,,sparse,0.0,sparse,0.0,sparse,0.0,sparse,0.0,sparse,0.0,sparse,0.0
846,sparse,sparse,,sparse,0.0,sparse,0.0,sparse,0.0,sparse,0.0,sparse,0.0,sparse,0.0
847,sparse,sparse,,sparse,0.0,sparse,0.0,sparse,0.0,sparse,0.0,sparse,0.0,sparse,0.0
848,sparse,sparse,,sparse,0.0,sparse,0.0,sparse,0.0,sparse,0.0,sparse,0.0,sparse,0.0
849,sparse,sparse,,sparse,1e-06,sparse,0.000455,sparse,0.009216,sparse,0.000147,sparse,0.000851,sparse,0.019655
850,sparse,sparse,,sparse,2e-05,sparse,3e-06,sparse,0.000417,sparse,2.4e-05,sparse,0.001378,sparse,2.8e-05
851,sparse,sparse,,sparse,0.0,sparse,0.0,sparse,0.0,sparse,0.0,sparse,0.0,sparse,0.0
852,sparse,sparse,,sparse,0.0,sparse,0.0,sparse,0.0,sparse,0.0,sparse,0.0,sparse,0.0
853,sparse,open,,open,0.0,open,0.0,open,0.0,open,0.0,open,0.0,open,0.0
854,sparse,sparse,,sparse,1.2e-05,sparse,0.000115,sparse,0.000169,sparse,0.005755,sparse,0.000501,sparse,0.00028
855,sparse,sparse,,sparse,0.0,sparse,0.0,sparse,0.0,sparse,0.0,sparse,0.0,sparse,0.0
856,sparse,sparse,,sparse,2e-06,sparse,1e-06,sparse,2.1e-05,sparse,7e-06,sparse,2e-06,sparse,1e-05
857,sparse,sparse,,sparse,0.0,sparse,0.0,sparse,0.0,sparse,0.0,sparse,0.0,sparse,0.0
858,sparse,sparse,,sparse,0.0,sparse,0.0,sparse,0.0,sparse,0.0,sparse,0.0,sparse,0.0
859,sparse,sparse,,sparse,0.0,sparse,0.0,sparse,0.0,sparse,0.0,sparse,0.0,sparse,0.0
860,sparse,sparse,,sparse,0.0,sparse,0.0,sparse,0.0,sparse,0.0,sparse,0.0,sparse,0.0
861,sparse,sparse,,sparse,0.0,sparse,0.0,sparse,0.0,sparse,0.0,sparse,0.0,sparse,0.0
862,sparse,open,,open,0.0,open,0.0,open,0.0,open,0.0,open,0.0,open,0.0
863,sparse,sparse,,sparse,0.0,sparse,0.0,sparse,0.0,sparse,0.0,sparse,0.0,sparse,0.0
864,sparse,sparse,,sparse,0.0,sparse,0.0,sparse,0.0,sparse,0.0,sparse,0.0,sparse,0.0
865,sparse,sparse,,sparse,0.0,sparse,0.0,sparse,0.0,sparse,0.0,sparse,0.0,sparse,0.0
866,sparse,sparse,,sparse,0.0,sparse,0.0,sparse,0.0,sparse,0.0,sparse,0.0,sparse,0.0
867,sparse,sparse,,sparse,0.0,sparse,0.0,sparse,0.0,sparse,0.0,sparse,0.0,sparse,0.0
868,sparse,sparse,,sparse,0.0,sparse,0.0,sparse,0.0,sparse,0.0,sparse,0.0,sparse,0.0
869,sparse,sparse,,sparse,0.0,sparse,0.0,sparse,0.0,sparse,0.0,sparse,0.0,sparse,0.0
870,sparse,sparse,,sparse,0.0,sparse,0.0,sparse,0.0,sparse,0.0,sparse,0.0,sparse,0.0
871,sparse,sparse,,sparse,0.0,sparse,0.0,sparse,0.0,sparse,0.0,sparse,0.0,sparse,0.0
872,sparse,sparse,,sparse,0.0,sparse,0.0,sparse,0.0,sparse,0.0,sparse,0.0,sparse,0.0
873,sparse,sparse,,sparse,0.0,sparse,0.0,sparse,0.0,sparse,0.0,sparse,0.0,sparse,0.0
874,sparse,sparse,,sparse,0.0,sparse,0.0,sparse,0.0,sparse,0.0,sparse,0.0,sparse,0.0
875,sparse,sparse,,sparse,0.0,sparse,3e-06,sparse,6e-06,sparse,0.0,sparse,2.2e-05,sparse,3e-06
876,sparse,sparse,,sparse,0.000567,sparse,8.1e-05,sparse,0.000956,sparse,0.000374,sparse,0.000267,sparse,0.001191
877,sparse,sparse,,sparse,1e-06,sparse,0.0,sparse,2e-06,sparse,2e-06,sparse,2e-06,sparse,1e-06
878,sparse,sparse,,sparse,0.0,sparse,0.0,sparse,0.0,sparse,0.0,sparse,0.0,sparse,0.0
879,sparse,open,,open,1e-05,open,0.000967,open,3.3e-05,open,9.7e-05,open,3e-06,open,0.000134
880,sparse,sparse,,sparse,0.0,sparse,0.0,sparse,0.0,sparse,0.0,sparse,0.0,sparse,0.0
881,sparse,sparse,,sparse,0.0,sparse,0.0,sparse,0.0,sparse,0.0,sparse,0.0,sparse,0.0
882,sparse,sparse,,sparse,0.0,sparse,0.0,sparse,0.0,sparse,0.0,sparse,0.0,sparse,0.0
883,sparse,sparse,,sparse,0.0,sparse,0.0,sparse,0.0,sparse,0.0,sparse,0.0,sparse,0.0
884,sparse,sparse,,sparse,0.0,sparse,0.0,sparse,0.0,sparse,0.0,sparse,0.0,sparse,0.0
885,sparse,sparse,,sparse,0.0,sparse,0.0,sparse,0.0,sparse,0.0,sparse,0.0,sparse,0.0
886,sparse,sparse,,sparse,0.0,sparse,0.0,sparse,0.0,sparse,0.0,sparse,0.0,sparse,0.0
887,sparse,sparse,,sparse,0.0,sparse,0.0,sparse,0.0,sparse,0.0,sparse,0.0,sparse,0.0
888,sparse,dense,,dense,0.012623,sparse,0.016126,dense,0.399614,dense,0.330002,dense,0.240563,dense,0.315515
889,sparse,sparse,,sparse,0.000309,sparse,0.000465,sparse,0.006995,sparse,0.000169,sparse,0.000149,sparse,0.00143
890,sparse,sparse,,sparse,0.00244,sparse,0.048393,sparse,0.038781,sparse,0.057897,sparse,0.039713,sparse,0.079958
891,sparse,sparse,,sparse,0.0,sparse,0.0,sparse,0.0,sparse,0.0,sparse,0.0,sparse,0.0
892,sparse,sparse,,sparse,0.0,sparse,0.0,sparse,0.0,sparse,0.0,sparse,0.0,sparse,0.0
893,sparse,sparse,,sparse,0.0,sparse,0.0,sparse,0.0,sparse,0.0,sparse,0.0,sparse,0.0
894,sparse,sparse,,sparse,0.0,sparse,0.0,sparse,0.0,sparse,0.0,sparse,0.0,sparse,0.0
895,sparse,sparse,,sparse,0.0,sparse,0.0,sparse,0.0,sparse,0.0,sparse,0.0,sparse,0.0
896,sparse,sparse,,sparse,0.0,sparse,7e-05,sparse,0.005577,sparse,0.0003,sparse,0.000322,sparse,0.006776
897,sparse,sparse,,sparse,0.0,sparse,0.0,sparse,0.0,sparse,0.0,sparse,0.0,sparse,0.0
898,sparse,sparse,,sparse,0.0,sparse,0.0,sparse,0.0,sparse,0.0,sparse,0.0,sparse,0.0
899,sparse,sparse,,sparse,2e-06,sparse,0.0,sparse,0.0,sparse,0.0,sparse,0.0,sparse,0.0
900,sparse,sparse,,sparse,0.0,sparse,0.0,sparse,0.0,sparse,0.0,sparse,0.0,sparse,0.0
901,sparse,sparse,,sparse,0.0,sparse,0.0,sparse,0.0,sparse,0.0,sparse,0.0,sparse,0.0
902,sparse,sparse,,sparse,0.0,sparse,1e-05,sparse,1e-06,sparse,1e-06,sparse,9e-06,sparse,3e-06
903,sparse,sparse,,sparse,0.0,sparse,0.0,sparse,0.0,sparse,0.0,sparse,0.0,sparse,0.0
904,sparse,sparse,,sparse,0.0,sparse,0.0,sparse,0.0,sparse,0.0,sparse,0.0,sparse,0.0
905,sparse,sparse,,sparse,0.0,sparse,0.0,sparse,0.0,sparse,0.0,sparse,0.0,sparse,0.0
906,sparse,sparse,,sparse,0.006731,sparse,0.067033,sparse,0.02636,sparse,0.14571,sparse,0.035078,sparse,0.086246
907,sparse,sparse,,sparse,0.0,sparse,0.0,sparse,0.0,sparse,0.0,sparse,0.0,sparse,0.0
908,sparse,sparse,,sparse,1e-06,sparse,1e-06,sparse,1e-05,sparse,0.000162,sparse,0.000954,sparse,8.2e-05
909,sparse,sparse,,sparse,0.0,sparse,0.0,sparse,0.0,sparse,0.0,sparse,0.0,sparse,0.0
910,sparse,sparse,,sparse,0.0,sparse,0.0,sparse,0.0,sparse,0.0,sparse,0.0,sparse,0.0
911,sparse,sparse,,sparse,0.0,sparse,0.0,sparse,0.0,sparse,0.0,sparse,0.0,sparse,0.0
912,sparse,sparse,,sparse,0.0,sparse,0.0,sparse,0.0,sparse,0.0,sparse,0.0,sparse,0.0
913,sparse,sparse,,sparse,0.0,sparse,0.0,sparse,0.0,sparse,0.0,sparse,0.0,sparse,0.0
914,sparse,sparse,,sparse,0.0,sparse,0.0,sparse,0.0,sparse,0.0,sparse,0.0,sparse,0.0
915,sparse,sparse,,sparse,0.0,sparse,0.0,sparse,0.0,sparse,0.0,sparse,0.0,sparse,0.0
916,sparse,sparse,,sparse,0.0,sparse,0.0,sparse,0.0,sparse,0.0,sparse,0.0,sparse,0.0
917,sparse,sparse,,sparse,0.0,sparse,0.0,sparse,0.0,sparse,0.0,sparse,0.0,sparse,0.0
918,sparse,sparse,,sparse,0.0,sparse,0.0,sparse,0.0,sparse,0.0,sparse,0.0,sparse,0.0
919,sparse,sparse,,sparse,3e-06,sparse,6e-06,sparse,1e-06,sparse,0.000198,sparse,7e-06,sparse,3e-05
920,sparse,sparse,,sparse,0.015442,sparse,0.594118,sparse,0.587397,sparse,0.321945,sparse,0.235135,sparse,0.215267
921,sparse,sparse,,sparse,0.0,sparse,0.0,sparse,0.0,sparse,0.0,sparse,0.0,sparse,0.0
922,sparse,open,,open,0.020061,open,0.041597,sparse,0.347166,open,0.232133,open,0.135451,open,0.18095
923,sparse,sparse,,sparse,1e-06,sparse,0.0,sparse,2e-06,sparse,4e-06,sparse,0.0,sparse,4e-06
924,sparse,sparse,,sparse,0.0,sparse,0.0,sparse,0.0,sparse,0.0,sparse,0.0,sparse,0.0
925,sparse,sparse,,sparse,0.0,sparse,0.0,sparse,0.0,sparse,0.0,sparse,0.0,sparse,0.0
926,sparse,sparse,,sparse,0.0,sparse,0.0,sparse,0.0,sparse,0.0,sparse,0.0,sparse,0.0
927,sparse,sparse,,sparse,0.0,sparse,0.0,sparse,0.0,sparse,0.0,sparse,0.0,sparse,0.0
928,sparse,sparse,,sparse,0.0,sparse,0.0,sparse,0.0,sparse,0.0,sparse,0.0,sparse,0.0
929,sparse,sparse,,sparse,0.0,sparse,0.0,sparse,0.0,sparse,0.0,sparse,0.0,sparse,0.0
930,sparse,sparse,,sparse,0.0,sparse,0.0,sparse,0.0,sparse,0.0,sparse,0.0,sparse,0.0
931,sparse,sparse,,sparse,0.0,sparse,0.0,sparse,0.0,sparse,0.0,sparse,0.0,sparse,0.0
932,sparse,sparse,,sparse,0.0,sparse,0.0,sparse,0.0,sparse,0.0,sparse,0.0,sparse,0.0
933,sparse,sparse,,sparse,0.0,sparse,0.0,sparse,0.0,sparse,0.0,sparse,0.0,sparse,0.0
934,sparse,sparse,,sparse,0.0,sparse,0.0,sparse,0.0,sparse,0.0,sparse,0.0,sparse,0.0
935,sparse,sparse,,sparse,0.0,sparse,0.0,sparse,0.0,sparse,0.0,sparse,0.0,sparse,0.0
936,sparse,sparse,,sparse,0.0,sparse,0.0,sparse,0.0,sparse,0.0,sparse,0.0,sparse,0.0
937,sparse,sparse,,sparse,0.0,sparse,0.0,sparse,0.0,sparse,0.0,sparse,0.0,sparse,0.0
938,sparse,sparse,,sparse,0.023312,sparse,0.010983,sparse,0.006261,sparse,0.001475,sparse,0.065075,sparse,0.047416
939,sparse,sparse,,sparse,0.0,sparse,0.0,sparse,0.0,sparse,0.0,sparse,0.0,sparse,0.0
940,sparse,sparse,,sparse,0.0,sparse,0.0,sparse,0.0,sparse,0.0,sparse,0.0,sparse,0.0
941,sparse,sparse,,sparse,0.0,sparse,0.0,sparse,0.0,sparse,0.0,sparse,0.0,sparse,0.0
942,sparse,sparse,,sparse,0.0,sparse,0.0,sparse,0.0,sparse,0.0,sparse,0.0,sparse,0.0
943,sparse,sparse,,sparse,0.002671,sparse,0.12492,sparse,0.353425,sparse,0.131682,sparse,0.105544,sparse,0.021
944,sparse,open,,open,0.013745,open,0.824137,open,0.212195,open,0.045168,open,0.045544,open,0.122162
945,sparse,sparse,,sparse,0.0,sparse,0.0,sparse,0.0,sparse,0.0,sparse,0.0,sparse,0.0
946,sparse,sparse,,sparse,0.0,sparse,0.0,sparse,0.0,sparse,0.0,sparse,0.0,sparse,0.0
947,sparse,sparse,,sparse,0.002972,sparse,0.00013,sparse,0.000209,sparse,0.000629,sparse,0.000876,sparse,0.000461
948,sparse,sparse,,sparse,0.0,sparse,0.0,sparse,0.0,sparse,0.0,sparse,2e-06,sparse,0.0
949,sparse,sparse,,sparse,0.0,sparse,0.0,sparse,0.0,sparse,0.0,sparse,0.0,sparse,0.0
950,sparse,sparse,,sparse,0.0,sparse,0.0,sparse,0.0,sparse,0.0,sparse,0.0,sparse,0.0
951,sparse,sparse,,sparse,0.0,sparse,0.0,sparse,0.0,sparse,0.0,sparse,0.0,sparse,0.0
952,sparse,sparse,,sparse,0.0,sparse,0.0,sparse,1e-06,sparse,1.6e-05,sparse,0.000202,sparse,0.0
953,sparse,sparse,,sparse,0.0,sparse,0.0,sparse,0.0,sparse,0.0,sparse,0.0,sparse,0.0
954,sparse,sparse,,sparse,0.0,sparse,0.0,sparse,0.0,sparse,0.0,sparse,0.0,sparse,0.0
955,sparse,sparse,,sparse,0.0,sparse,0.0,sparse,0.0,sparse,0.0,sparse,0.0,sparse,0.0
956,sparse,sparse,,sparse,0.0,sparse,0.0,sparse,0.0,sparse,0.0,sparse,0.0,sparse,0.0
957,sparse,sparse,,sparse,0.0,sparse,0.0,sparse,0.0,sparse,0.0,sparse,0.0,sparse,0.0
958,sparse,sparse,,sparse,0.0,sparse,0.0,sparse,0.0,sparse,0.0,sparse,0.0,sparse,0.0
959,sparse,sparse,,sparse,5.4e-05,sparse,4e-06,sparse,1.7e-05,sparse,8e-06,sparse,6e-06,sparse,4.6e-05
960,sparse,sparse,,sparse,0.0,sparse,0.0,sparse,0.0,sparse,0.0,sparse,0.0,sparse,0.0
961,sparse,sparse,,sparse,0.0,sparse,0.0,sparse,0.0,sparse,0.0,sparse,0.0,sparse,0.0
962,sparse,sparse,,sparse,0.0,sparse,0.0,sparse,0.0,sparse,0.0,sparse,0.0,sparse,0.0
963,sparse,sparse,,sparse,0.0,sparse,0.0,sparse,0.0,sparse,0.0,sparse,0.0,sparse,0.0
964,sparse,sparse,,sparse,0.0,sparse,0.0,sparse,0.0,sparse,0.0,sparse,0.0,sparse,0.0
965,sparse,sparse,,sparse,0.0,sparse,0.0,sparse,0.0,sparse,0.0,sparse,0.0,sparse,0.0
966,sparse,sparse,,sparse,0.0,sparse,0.0,sparse,0.0,sparse,0.0,sparse,0.0,sparse,0.0
967,sparse,sparse,,sparse,0.0,sparse,0.0,sparse,0.0,sparse,0.0,sparse,0.0,sparse,0.0
968,sparse,sparse,,sparse,0.0,sparse,0.0,sparse,0.0,sparse,0.0,sparse,0.0,sparse,0.0
969,sparse,sparse,,sparse,0.000139,sparse,0.000325,sparse,7e-05,sparse,0.000617,sparse,0.000327,sparse,0.001503
970,sparse,sparse,,sparse,0.000255,sparse,0.000366,sparse,5.5e-05,sparse,1e-05,sparse,0.000133,sparse,0.000229
971,sparse,sparse,,sparse,0.0,sparse,0.0,sparse,0.0,sparse,0.0,sparse,1e-06,sparse,0.0
972,sparse,sparse,,sparse,0.0,sparse,0.0,sparse,0.0,sparse,0.0,sparse,0.0,sparse,0.0
973,sparse,sparse,,sparse,0.0,sparse,0.0,sparse,0.0,sparse,0.0,sparse,0.0,sparse,0.0
974,sparse,sparse,,sparse,0.0,sparse,0.0,sparse,0.0,sparse,0.0,sparse,0.0,sparse,0.0
975,sparse,sparse,,sparse,0.0,sparse,0.0,sparse,0.0,sparse,0.0,sparse,0.0,sparse,0.0
976,sparse,sparse,,sparse,0.088364,sparse,0.31723,sparse,0.048742,sparse,0.144108,sparse,0.022704,sparse,0.035143
977,sparse,sparse,,sparse,0.000125,sparse,0.002769,sparse,0.00042,sparse,0.000104,sparse,0.001568,sparse,0.000162
978,sparse,sparse,,sparse,0.0,sparse,0.0,sparse,0.0,sparse,0.0,sparse,0.0,sparse,0.0
979,sparse,sparse,,sparse,0.0,sparse,0.0,sparse,0.0,sparse,0.0,sparse,0.0,sparse,0.0
980,sparse,sparse,,sparse,0.0,sparse,0.0,sparse,0.0,sparse,0.0,sparse,0.0,sparse,0.0
981,sparse,sparse,,sparse,0.0,sparse,0.0,sparse,0.0,sparse,0.0,sparse,0.0,sparse,0.0
982,sparse,sparse,,sparse,0.0,sparse,0.0,sparse,0.0,sparse,0.0,sparse,0.0,sparse,0.0
983,sparse,sparse,,sparse,0.0,sparse,0.0,sparse,0.0,sparse,0.0,sparse,0.0,sparse,0.0
984,sparse,sparse,,sparse,0.0,sparse,0.0,sparse,0.0,sparse,0.0,sparse,0.0,sparse,0.0
985,sparse,sparse,,sparse,0.0,sparse,0.0,sparse,0.0,sparse,0.0,sparse,0.0,sparse,0.0
986,sparse,sparse,,sparse,0.0,sparse,0.0,sparse,0.0,sparse,0.0,sparse,0.0,sparse,0.0
987,sparse,sparse,,sparse,0.0,sparse,0.0,sparse,0.0,sparse,0.0,sparse,0.0,sparse,0.0
988,sparse,sparse,,sparse,0.0,sparse,0.0,sparse,0.0,sparse,0.0,sparse,0.0,sparse,0.0
989,sparse,sparse,,sparse,0.0,sparse,0.0,sparse,0.0,sparse,0.0,sparse,0.0,sparse,0.0
990,sparse,sparse,,sparse,0.0,sparse,0.0,sparse,0.0,sparse,0.0,sparse,0.0,sparse,0.0
991,sparse,sparse,,sparse,0.0,sparse,0.0,sparse,0.0,sparse,0.0,sparse,0.0,sparse,0.0
992,sparse,sparse,,sparse,0.0,sparse,6e-06,sparse,0.0,sparse,0.0,sparse,0.0,sparse,0.0
993,sparse,sparse,,sparse,0.0,sparse,0.0,sparse,0.0,sparse,0.0,sparse,0.0,sparse,0.0
994,sparse,sparse,,sparse,0.0,sparse,0.0,sparse,0.0,sparse,0.0,sparse,0.0,sparse,0.0
995,sparse,sparse,,sparse,0.0,sparse,0.0,sparse,0.0,sparse,0.0,sparse,0.0,sparse,0.0
996,sparse,sparse,,sparse,0.0,sparse,0.0,sparse,0.0,sparse,0.0,sparse,0.0,sparse,0.0
997,sparse,sparse,,sparse,0.0,sparse,0.0,sparse,0.0,sparse,0.0,sparse,0.0,sparse,0.0
998,sparse,sparse,,sparse,0.0,sparse,0.0,sparse,0.0,sparse,0.0,sparse,0.0,sparse,0.0
999,sparse,sparse,,sparse,0.0,sparse,0.0,sparse,0.0,sparse,0.0,sparse,0.0,sparse,0.0
1000,sparse,sparse,,sparse,0.0,sparse,0.0,sparse,0.0,sparse,0.0,sparse,0.0,sparse,0.0
1001,sparse,sparse,,sparse,0.0,sparse,0.0,sparse,0.0,sparse,0.0,sparse,0.0,sparse,0.0
1002,sparse,sparse,,sparse,0.0,sparse,0.0,sparse,0.0,sparse,0.0,sparse,0.0,sparse,0.0
1003,sparse,sparse,,sparse,0.0,sparse,0.0,sparse,0.0,sparse,0.0,sparse,0.0,sparse,0.0
1004,sparse,sparse,,sparse,0.0,sparse,0.0,sparse,0.0,sparse,0.0,sparse,0.0,sparse,0.0
1005,sparse,sparse,,sparse,0.0,sparse,0.0,sparse,0.0,sparse,0.0,sparse,0.0,sparse,0.0
1006,sparse,sparse,,sparse,0.0,sparse,0.0,sparse,0.0,sparse,0.0,sparse,0.0,sparse,0.0
1007,sparse,sparse,,sparse,0.0,sparse,0.0,sparse,0.0,sparse,0.0,sparse,0.0,sparse,0.0
1008,sparse,sparse,,sparse,0.0,sparse,0.0,sparse,0.0,sparse,0.0,sparse,0.0,sparse,0.0
1009,sparse,sparse,,sparse,0.0,sparse,0.0,sparse,0.0,sparse,0.0,sparse,0.0,sparse,0.0
1010,sparse,sparse,,sparse,0.0,sparse,0.0,sparse,0.0,sparse,0.0,sparse,0.0,sparse,0.0
1011,sparse,sparse,,sparse,0.0,sparse,0.0,sparse,0.0,sparse,0.0,sparse,0.0,sparse,0.0
1012,sparse,sparse,,sparse,0.0,sparse,0.0,sparse,0.0,sparse,0.0,sparse,0.0,sparse,0.0
1013,sparse,sparse,,sparse,0.0,sparse,0.0,sparse,0.0,sparse,0.0,sparse,0.0,sparse,0.0
1014,sparse,sparse,,sparse,0.0,sparse,0.0,sparse,0.0,sparse,0.0,sparse,0.0,sparse,0.0
1015,sparse,sparse,,sparse,0.0,sparse,0.0,sparse,0.0,sparse,0.0,sparse,0.0,sparse,0.0
1016,sparse,sparse,,sparse,0.0,sparse,0.0,sparse,0.0,sparse,0.0,sparse,0.0,sparse,0.0
1017,sparse,sparse,,sparse,0.0,sparse,0.0,sparse,0.0,sparse,0.0,sparse,0.0,sparse,0.0
1018,sparse,sparse,,sparse,0.0,sparse,0.0,sparse,0.0,sparse,0.0,sparse,0.0,sparse,0.0
1019,sparse,sparse,,sparse,0.0,sparse,0.0,sparse,0.0,sparse,0.0,sparse,0.0,sparse,0.0
1020,sparse,sparse,,sparse,0.0,sparse,0.0,sparse,0.0,sparse,0.0,sparse,0.0,sparse,0.0
1021,sparse,sparse,,sparse,0.0,sparse,0.0,sparse,0.0,sparse,0.0,sparse,0.0,sparse,0.0
1022,sparse,sparse,,sparse,0.0,sparse,0.0,sparse,0.0,sparse,0.0,sparse,0.0,sparse,0.0
1023,sparse,sparse,,sparse,0.0,sparse,0.0,sparse,0.0,sparse,0.0,sparse,0.0,sparse,0.0
1024,sparse,sparse,,sparse,0.0,sparse,0.0,sparse,0.0,sparse,0.0,sparse,0.0,sparse,0.0
1025,sparse,sparse,,sparse,0.0,sparse,0.0,sparse,0.0,sparse,0.0,sparse,0.0,sparse,0.0
1026,sparse,sparse,,sparse,0.0,sparse,0.0,sparse,0.0,sparse,0.0,sparse,0.0,sparse,0.0
1027,sparse,sparse,,sparse,0.0,sparse,0.0,sparse,0.0,sparse,0.0,sparse,0.0,sparse,0.0
1028,sparse,sparse,,sparse,0.0,sparse,0.0,sparse,0.0,sparse,0.0,sparse,0.0,sparse,0.0
1029,sparse,sparse,,sparse,0.0,sparse,0.0,sparse,0.0,sparse,0.0,sparse,0.0,sparse,0.0
1030,sparse,sparse,,sparse,0.0,sparse,0.0,sparse,0.0,sparse,0.0,sparse,0.0,sparse,0.0
1031,sparse,sparse,,sparse,0.0,sparse,0.0,sparse,0.0,sparse,0.0,sparse,0.0,sparse,0.0
1032,sparse,sparse,,sparse,0.0,sparse,0.0,sparse,0.0,sparse,0.0,sparse,0.0,sparse,0.0
1033,sparse,sparse,,sparse,0.0,sparse,0.0,sparse,0.0,sparse,0.0,sparse,0.0,sparse,1e-06
1034,sparse,sparse,,sparse,1e-06,sparse,0.0,sparse,0.0,sparse,6e-06,sparse,1.3e-05,sparse,2e-06
1035,sparse,sparse,,sparse,1e-06,sparse,3e-06,sparse,7e-06,sparse,2.3e-05,sparse,5e-06,sparse,3.4e-05
1036,sparse,dense,,dense,8e-06,dense,6.5e-05,dense,0.000153,dense,4.7e-05,dense,0.000121,dense,0.000519
1037,sparse,sparse,,sparse,1.1e-05,sparse,0.0,sparse,5e-06,sparse,6.1e-05,sparse,2.9e-05,sparse,6.7e-05
1038,sparse_leafless,sparse_leafless,,dense_leafless,0.458205,sparse_leafless,0.189175,sparse_leafless,0.109349,sparse_leafless,0.188786,sparse_leafless,0.13553,sparse_leafless,0.340021
1039,sparse_leafless,sparse_leafless,,sparse_leafless,1e-06,sparse_leafless,1.5e-05,sparse_leafless,0.000216,sparse_leafless,4.8e-05,sparse_leafless,0.000376,sparse_leafless,0.000503
1040,sparse_leafless,sparse_leafless,,sparse_leafless,1.2e-05,sparse_leafless,0.000194,sparse_leafless,0.000477,sparse_leafless,0.000192,sparse_leafless,3.2e-05,sparse_leafless,0.015482
1041,sparse_leafless,sparse_leafless,,sparse_leafless,0.0,sparse_leafless,0.0,sparse_leafless,0.0,sparse_leafless,0.0,sparse_leafless,0.0,sparse_leafless,0.0
1042,sparse_leafless,sparse_leafless,,sparse_leafless,0.0,sparse_leafless,0.0,sparse_leafless,0.0,sparse_leafless,0.0,sparse_leafless,0.0,sparse_leafless,0.0
1043,sparse_leafless,sparse_leafless,,sparse_leafless,0.0,sparse_leafless,0.0,sparse_leafless,0.0,sparse_leafless,0.0,sparse_leafless,0.0,sparse_leafless,0.0
1044,sparse_leafless,sparse_leafless,,sparse_leafless,0.0,sparse_leafless,0.0,sparse_leafless,0.0,sparse_leafless,0.0,sparse_leafless,0.0,sparse_leafless,0.0
1045,sparse_leafless,sparse_leafless,,sparse_leafless,0.0,sparse_leafless,0.0,sparse_leafless,0.0,sparse_leafless,0.0,sparse_leafless,0.0,sparse_leafless,0.0
1046,sparse_leafless,sparse_leafless,,sparse_leafless,0.0,sparse_leafless,0.0,sparse_leafless,0.0,sparse_leafless,0.0,sparse_leafless,0.0,sparse_leafless,0.0
1047,sparse_leafless,sparse_leafless,,sparse_leafless,0.0,sparse_leafless,0.0,sparse_leafless,0.0,sparse_leafless,0.0,sparse_leafless,0.0,sparse_leafless,0.0
1048,sparse_leafless,sparse_leafless,,sparse_leafless,0.0,sparse_leafless,0.0,sparse_leafless,0.0,sparse_leafless,0.0,sparse_leafless,0.0,sparse_leafless,0.0
1049,sparse_leafless,sparse_leafless,,sparse_leafless,0.0,sparse_leafless,0.0,sparse_leafless,0.0,sparse_leafless,0.0,sparse_leafless,0.0,sparse_leafless,0.0
1050,sparse_leafless,sparse_leafless,,sparse_leafless,0.0,sparse_leafless,0.0,sparse_leafless,0.0,sparse_leafless,0.0,sparse_leafless,0.0,sparse_leafless,0.0
1051,sparse_leafless,sparse_leafless,,sparse_leafless,0.0,sparse_leafless,0.0,sparse_leafless,0.0,sparse_leafless,0.0,sparse_leafless,0.0,sparse_leafless,0.0
1052,sparse_leafless,sparse_leafless,,sparse_leafless,0.0,sparse_leafless,2.3e-05,sparse_leafless,1e-05,sparse_leafless,4.3e-05,sparse_leafless,0.000185,sparse_leafless,0.000659
1053,sparse_leafless,sparse_leafless,,open_leafless,0.000416,sparse_leafless,0.181263,open_leafless,0.295472,sparse_leafless,0.312039,open_leafless,0.24143,sparse_leafless,0.229693
1054,sparse_leafless,sparse_leafless,,sparse_leafless,0.0,sparse_leafless,0.0,sparse_leafless,0.0,sparse_leafless,0.0,sparse_leafless,0.0,sparse_leafless,0.0
1055,sparse_leafless,sparse_leafless,,sparse_leafless,0.0,sparse_leafless,0.0,sparse_leafless,0.0,sparse_leafless,0.0,sparse_leafless,0.0,sparse_leafless,0.0
1056,sparse_leafless,sparse_leafless,,sparse_leafless,1e-06,sparse_leafless,4.5e-05,sparse_leafless,0.000299,sparse_leafless,0.000908,sparse_leafless,0.000157,sparse_leafless,0.001348
1057,sparse_leafless,sparse_leafless,,sparse_leafless,0.0,sparse_leafless,0.0,sparse_leafless,0.0,sparse_leafless,0.0,sparse_leafless,0.0,sparse_leafless,0.0
1058,sparse_leafless,sparse_leafless,,sparse_leafless,0.0,sparse_leafless,0.0,sparse_leafless,0.0,sparse_leafless,0.0,sparse_leafless,0.0,sparse_leafless,0.0
1059,sparse_leafless,sparse_leafless,,sparse_leafless,0.0,sparse_leafless,0.0,sparse_leafless,0.0,sparse_leafless,0.0,sparse_leafless,0.0,sparse_leafless,0.0
1060,sparse_leafless,sparse_leafless,,sparse_leafless,0.0,sparse_leafless,0.0,sparse_leafless,0.0,sparse_leafless,0.0,sparse_leafless,0.0,sparse_leafless,0.0
1061,sparse_leafless,sparse_leafless,,sparse_leafless,0.004418,sparse_leafless,0.1821,sparse_leafless,0.021666,sparse_leafless,0.102761,sparse_leafless,0.061322,sparse_leafless,0.11411
1062,sparse_leafless,sparse_leafless,,sparse_leafless,0.0,sparse_leafless,0.0,sparse_leafless,0.0,sparse_leafless,0.0,sparse_leafless,0.0,sparse_leafless,0.0
1063,sparse_leafless,sparse_leafless,,sparse_leafless,0.0,sparse_leafless,0.0,sparse_leafless,0.0,sparse_leafless,0.0,sparse_leafless,0.0,sparse_leafless,0.0
1064,sparse_leafless,sparse_leafless,,sparse_leafless,0.0,sparse_leafless,0.0,sparse_leafless,0.0,sparse_leafless,0.0,sparse_leafless,0.0,sparse_leafless,0.0
1065,sparse_leafless,sparse_leafless,,sparse_leafless,1e-06,sparse_leafless,7e-06,sparse_leafless,0.000215,sparse_leafless,3.4e-05,sparse_leafless,1.4e-05,sparse_leafless,2.4e-05
1066,sparse_leafless,sparse_leafless,,sparse_leafless,0.0,sparse_leafless,0.0,sparse_leafless,0.0,sparse_leafless,0.0,sparse_leafless,0.0,sparse_leafless,0.0
1067,sparse_leafless,sparse_leafless,,sparse_leafless,0.0,sparse_leafless,0.0,sparse_leafless,5e-06,sparse_leafless,1e-06,sparse_leafless,0.0,sparse_leafless,0.0
1068,sparse_leafless,sparse_leafless,,sparse_leafless,4e-06,sparse_leafless,8e-05,sparse_leafless,0.000249,sparse_leafless,4.4e-05,sparse_leafless,0.000317,sparse_leafless,0.000146
1069,sparse_leafless,sparse_leafless,,sparse_leafless,0.0,sparse_leafless,0.0,sparse_leafless,0.0,sparse_leafless,0.0,sparse_leafless,0.0,sparse_leafless,0.0
1070,sparse_leafless,sparse_leafless,,sparse_leafless,0.0,sparse_leafless,0.0,sparse_leafless,0.0,sparse_leafless,0.0,sparse_leafless,0.0,sparse_leafless,0.0
1071,sparse_leafless,sparse_leafless,,sparse_leafless,0.0,sparse_leafless,0.0,sparse_leafless,0.0,sparse_leafless,0.0,sparse_leafless,0.0,sparse_leafless,0.0
1072,sparse_leafless,sparse_leafless,,sparse_leafless,0.0,sparse_leafless,0.0,sparse_leafless,0.0,sparse_leafless,0.0,sparse_leafless,0.0,sparse_leafless,0.0
1073,sparse_leafless,sparse_leafless,,sparse_leafless,0.0,sparse_leafless,0.0,sparse_leafless,0.0,sparse_leafless,0.0,sparse_leafless,0.0,sparse_leafless,0.0
1074,sparse_leafless,sparse_leafless,,sparse_leafless,0.0,sparse_leafless,0.0,sparse_leafless,0.0,sparse_leafless,0.0,sparse_leafless,0.0,sparse_leafless,0.0
1075,sparse_leafless,sparse_leafless,,sparse_leafless,0.0,sparse_leafless,9e-06,sparse_leafless,0.0,sparse_leafless,0.0,sparse_leafless,9e-06,sparse_leafless,0.0
1076,sparse_leafless,sparse_leafless,,sparse_leafless,1e-06,sparse_leafless,0.008704,sparse_leafless,0.004372,sparse_leafless,0.005346,sparse_leafless,0.114312,sparse_leafless,0.061298
1077,sparse_leafless,sparse_leafless,,sparse_leafless,0.0,sparse_leafless,0.0,sparse_leafless,1.3e-05,sparse_leafless,0.0,sparse_leafless,0.0,sparse_leafless,2e-06
1078,sparse_leafless,sparse_leafless,,sparse_leafless,0.0,sparse_leafless,0.0,sparse_leafless,0.0,sparse_leafless,0.0,sparse_leafless,0.0,sparse_leafless,0.0
1079,sparse_leafless,sparse_leafless,,sparse_leafless,0.0,sparse_leafless,0.0,sparse_leafless,0.0,sparse_leafless,0.0,sparse_leafless,0.0,sparse_leafless,0.0
1080,sparse_leafless,sparse_leafless,,sparse_leafless,1.7e-05,sparse_leafless,7.7e-05,sparse_leafless,0.022135,sparse_leafless,7.3e-05,sparse_leafless,0.005396,sparse_leafless,0.002006
1081,sparse_leafless,sparse_leafless,,sparse_leafless,0.0,sparse_leafless,0.0,sparse_leafless,0.0,sparse_leafless,0.0,sparse_leafless,0.0,sparse_leafless,0.0
1082,sparse_leafless,open_leafless,,open_leafless,3e-06,open_leafless,0.005681,open_leafless,0.000475,open_leafless,0.000223,open_leafless,0.003953,open_leafless,0.001216
1083,sparse_leafless,sparse_leafless,,open_leafless,0.074918,sparse_leafless,0.028257,sparse_leafless,0.11095,sparse_leafless,0.136707,sparse_leafless,0.257453,sparse_leafless,0.155946
1084,sparse_leafless,sparse_leafless,,sparse_leafless,0.0,sparse_leafless,0.0,sparse_leafless,0.0,sparse_leafless,0.0,sparse_leafless,0.0,sparse_leafless,0.0
1085,sparse_leafless,sparse_leafless,,sparse_leafless,0.0,sparse_leafless,0.0,sparse_leafless,0.0,sparse_leafless,2e-06,sparse_leafless,4e-06,sparse_leafless,1e-06
1086,sparse_leafless,sparse_leafless,,sparse_leafless,0.0,sparse_leafless,0.0,sparse_leafless,0.0,sparse_leafless,0.0,sparse_leafless,0.0,sparse_leafless,0.0
1087,sparse_leafless,sparse_leafless,,sparse_leafless,0.0,sparse_leafless,2e-06,sparse_leafless,0.0,sparse_leafless,0.0,sparse_leafless,0.0,sparse_leafless,0.0
1088,sparse_leafless,sparse_leafless,,sparse_leafless,0.0,sparse_leafless,0.0,sparse_leafless,0.0,sparse_leafless,0.0,sparse_leafless,0.0,sparse_leafless,0.0
1089,sparse_leafless,sparse_leafless,,sparse_leafless,1.3e-05,sparse_leafless,7e-06,sparse_leafless,0.000121,sparse_leafless,0.000851,sparse_leafless,5.7e-05,sparse_leafless,0.000658
1090,sparse_leafless,sparse_leafless,,sparse_leafless,8.7e-05,sparse_leafless,0.000302,sparse_leafless,0.006326,sparse_leafless,0.018014,sparse_leafless,0.007938,sparse_leafless,0.028045
1091,sparse_leafless,sparse_leafless,,sparse_leafless,0.0,sparse_leafless,2e-06,sparse_leafless,0.000786,sparse_leafless,8.4e-05,sparse_leafless,0.0001,sparse_leafless,0.000133
1092,sparse_leafless,sparse_leafless,,sparse_leafless,0.0,sparse_leafless,0.0,sparse_leafless,0.0,sparse_leafless,0.0,sparse_leafless,0.0,sparse_leafless,0.0
1093,sparse_leafless,sparse_leafless,,sparse_leafless,1e-06,sparse_leafless,0.0,sparse_leafless,0.0,sparse_leafless,0.0,sparse_leafless,0.0,sparse_leafless,0.0
1094,sparse_leafless,sparse_leafless,,sparse_leafless,0.0,sparse_leafless,0.0,sparse_leafless,0.0,sparse_leafless,0.0,sparse_leafless,0.0,sparse_leafless,0.0
1095,sparse_leafless,sparse_leafless,,sparse_leafless,0.0,sparse_leafless,0.0,sparse_leafless,0.0,sparse_leafless,0.0,sparse_leafless,0.0,sparse_leafless,0.0
1096,sparse_leafless,sparse_leafless,,sparse_leafless,0.0,sparse_leafless,0.0,sparse_leafless,0.0,sparse_leafless,0.0,sparse_leafless,0.0,sparse_leafless,0.0
1097,sparse_leafless,sparse_leafless,,sparse_leafless,0.0,sparse_leafless,0.0,sparse_leafless,0.0,sparse_leafless,0.0,sparse_leafless,0.0,sparse_leafless,0.0
1098,sparse_leafless,sparse_leafless,,sparse_leafless,0.0,sparse_leafless,0.0,sparse_leafless,0.0,sparse_leafless,0.0,sparse_leafless,0.0,sparse_leafless,0.0
1099,sparse_leafless,sparse_leafless,,sparse_leafless,0.0,sparse_leafless,0.0,sparse_leafless,0.0,sparse_leafless,0.0,sparse_leafless,0.0,sparse_leafless,0.0
1100,sparse_leafless,sparse_leafless,,sparse_leafless,0.0,sparse_leafless,1e-06,sparse_leafless,0.0,sparse_leafless,0.0,sparse_leafless,3.2e-05,sparse_leafless,1e-06
1101,sparse_leafless,sparse_leafless,,sparse_leafless,8.5e-05,sparse_leafless,1e-06,sparse_leafless,1e-06,sparse_leafless,1e-06,sparse_leafless,1e-06,sparse_leafless,0.000125
1102,sparse_leafless,sparse_leafless,,sparse_leafless,0.0,sparse_leafless,0.0,sparse_leafless,0.0,sparse_leafless,0.0,sparse_leafless,0.0,sparse_leafless,0.0
1103,sparse_leafless,sparse_leafless,,sparse_leafless,0.0,sparse_leafless,0.0,sparse_leafless,0.0,sparse_leafless,0.0,sparse_leafless,0.0,sparse_leafless,0.0
1104,sparse_leafless,sparse_leafless,,sparse_leafless,0.0,sparse_leafless,0.0,sparse_leafless,0.0,sparse_leafless,0.0,sparse_leafless,0.0,sparse_leafless,0.0
1105,sparse_leafless,sparse_leafless,,sparse_leafless,0.0,sparse_leafless,0.0,sparse_leafless,0.0,sparse_leafless,0.0,sparse_leafless,0.0,sparse_leafless,0.0
1106,sparse_leafless,sparse_leafless,,sparse_leafless,0.0,sparse_leafless,0.0,sparse_leafless,0.0,sparse_leafless,0.0,sparse_leafless,0.0,sparse_leafless,0.0
1107,sparse_leafless,sparse_leafless,,sparse_leafless,0.000257,sparse_leafless,0.047133,sparse_leafless,0.002774,sparse_leafless,0.000627,sparse_leafless,0.001446,sparse_leafless,0.009718
1108,sparse_leafless,sparse_leafless,,sparse_leafless,0.0,sparse_leafless,0.0,sparse_leafless,0.0,sparse_leafless,0.0,sparse_leafless,0.0,sparse_leafless,0.0
1109,sparse_leafless,sparse_leafless,,sparse_leafless,0.0,sparse_leafless,0.0,sparse_leafless,0.0,sparse_leafless,0.0,sparse_leafless,0.0,sparse_leafless,0.0
1110,sparse_leafless,sparse_leafless,,sparse_leafless,0.0,sparse_leafless,0.0,sparse_leafless,0.0,sparse_leafless,0.0,sparse_leafless,0.0,sparse_leafless,0.0
1111,sparse_leafless,sparse_leafless,,sparse_leafless,0.0,sparse_leafless,0.0,sparse_leafless,0.0,sparse_leafless,0.0,sparse_leafless,0.0,sparse_leafless,0.0
1112,sparse_leafless,sparse_leafless,,sparse_leafless,0.0,sparse_leafless,0.0,sparse_leafless,0.0,sparse_leafless,0.0,sparse_leafless,0.0,sparse_leafless,0.0
1113,sparse_leafless,sparse_leafless,,sparse_leafless,0.0,sparse_leafless,0.0,sparse_leafless,0.0,sparse_leafless,0.0,sparse_leafless,0.0,sparse_leafless,0.0
1114,sparse_leafless,dense_leafless,,dense_leafless,0.0,dense_leafless,0.0,dense_leafless,0.0,dense_leafless,0.0,dense_leafless,0.0,dense_leafless,0.0
1115,sparse_leafless,sparse_leafless,,sparse_leafless,0.0,sparse_leafless,0.0,sparse_leafless,0.0,sparse_leafless,0.0,sparse_leafless,0.0,sparse_leafless,0.0
1116,sparse_leafless,sparse_leafless,,sparse_leafless,0.0,sparse_leafless,0.0,sparse_leafless,0.0,sparse_leafless,0.0,sparse_leafless,0.0,sparse_leafless,0.0
1117,sparse_leafless,sparse_leafless,,sparse_leafless,0.0,sparse_leafless,0.0,sparse_leafless,1e-06,sparse_leafless,0.0,sparse_leafless,2e-06,sparse_leafless,1e-06
1118,sparse_leafless,sparse_leafless,,sparse_leafless,0.035701,sparse_leafless,0.076532,sparse_leafless,0.056222,sparse_leafless,0.371292,sparse_leafless,0.034736,sparse_leafless,0.154408
1119,sparse_leafless,sparse_leafless,,sparse_leafless,0.0,sparse_leafless,4e-06,sparse_leafless,0.0,sparse_leafless,0.0,sparse_leafless,0.0,sparse_leafless,0.0
1120,sparse_leafless,sparse_leafless,,sparse_leafless,0.0,sparse_leafless,0.0,sparse_leafless,0.0,sparse_leafless,0.0,sparse_leafless,0.0,sparse_leafless,0.0
1121,sparse_leafless,sparse_leafless,,sparse_leafless,0.0,sparse_leafless,0.0,sparse_leafless,0.0,sparse_leafless,0.0,sparse_leafless,0.0,sparse_leafless,0.0
1122,sparse_leafless,sparse_leafless,,sparse_leafless,0.0,sparse_leafless,0.0,sparse_leafless,0.0,sparse_leafless,0.0,sparse_leafless,0.0,sparse_leafless,0.0
1123,sparse_leafless,sparse_leafless,,sparse_leafless,0.0,sparse_leafless,0.0,sparse_leafless,0.0,sparse_leafless,0.0,sparse_leafless,0.0,sparse_leafless,0.0
1124,sparse_leafless,sparse_leafless,,sparse_leafless,0.0,sparse_leafless,0.0,sparse_leafless,0.0,sparse_leafless,0.0,sparse_leafless,0.0,sparse_leafless,0.0
1125,sparse_leafless,sparse_leafless,,sparse_leafless,0.0,sparse_leafless,0.0,sparse_leafless,0.0,sparse_leafless,0.0,sparse_leafless,0.0,sparse_leafless,0.0
1126,sparse_leafless,sparse_leafless,,sparse_leafless,0.0,sparse_leafless,0.0,sparse_leafless,0.0,sparse_leafless,0.0,sparse_leafless,0.0,sparse_leafless,0.0
1127,sparse_leafless,sparse_leafless,,sparse_leafless,0.0,sparse_leafless,0.0,sparse_leafless,0.0,sparse_leafless,0.0,sparse_leafless,0.0,sparse_leafless,0.0
1128,sparse_leafless,sparse_leafless,,sparse_leafless,0.0,sparse_leafless,0.0,sparse_leafless,0.0,sparse_leafless,0.0,sparse_leafless,0.0,sparse_leafless,0.0
1129,sparse_leafless,sparse_leafless,,sparse_leafless,0.0,sparse_leafless,0.0,sparse_leafless,0.0,sparse_leafless,0.0,sparse_leafless,0.0,sparse_leafless,0.0
1130,sparse_leafless,sparse_leafless,,sparse_leafless,0.0,sparse_leafless,0.0,sparse_leafless,0.0,sparse_leafless,0.0,sparse_leafless,0.0,sparse_leafless,0.0
1131,sparse_leafless,sparse_leafless,,sparse_leafless,0.0,sparse_leafless,0.0,sparse_leafless,0.0,sparse_leafless,0.0,sparse_leafless,0.0,sparse_leafless,0.0
1132,sparse_leafless,sparse_leafless,,sparse_leafless,0.0,sparse_leafless,0.0,sparse_leafless,0.0,sparse_leafless,0.0,sparse_leafless,0.0,sparse_leafless,0.0
1133,sparse_leafless,sparse_leafless,,sparse_leafless,0.0,sparse_leafless,0.0,sparse_leafless,0.0,sparse_leafless,0.0,sparse_leafless,0.0,sparse_leafless,0.0
1134,sparse_leafless,dense_leafless,,dense_leafless,0.003235,dense_leafless,0.181093,dense_leafless,0.005339,dense_leafless,0.097082,dense_leafless,0.030869,dense_leafless,0.013803
1135,sparse_leafless,sparse_leafless,,sparse_leafless,0.0,sparse_leafless,0.0,sparse_leafless,0.0,sparse_leafless,0.0,sparse_leafless,0.0,sparse_leafless,0.0
1136,sparse_leafless,sparse_leafless,,sparse_leafless,1e-06,sparse_leafless,1e-06,sparse_leafless,0.005879,sparse_leafless,1e-06,sparse_leafless,1.3e-05,sparse_leafless,0.001087
1137,sparse_leafless,sparse_leafless,,sparse_leafless,0.0,sparse_leafless,0.000193,sparse_leafless,7.6e-05,sparse_leafless,9e-06,sparse_leafless,4e-06,sparse_leafless,2.3e-05
1138,sparse_leafless,sparse_leafless,,sparse_leafless,5e-06,sparse_leafless,0.0,sparse_leafless,1.1e-05,sparse_leafless,0.000155,sparse_leafless,6.7e-05,sparse_leafless,4.1e-05
1139,sparse_leafless,sparse_leafless,,sparse_leafless,0.0,sparse_leafless,0.0,sparse_leafless,0.0,sparse_leafless,0.0,sparse_leafless,0.0,sparse_leafless,0.0
1140,sparse_leafless,sparse_leafless,,sparse_leafless,0.0,sparse_leafless,7.4e-05,sparse_leafless,1e-06,sparse_leafless,4e-06,sparse_leafless,0.0,sparse_leafless,4e-06
1141,sparse_leafless,sparse_leafless,,sparse_leafless,1.7e-05,sparse_leafless,0.000312,sparse_leafless,0.000442,sparse_leafless,0.00022,sparse_leafless,0.000871,sparse_leafless,0.007072
1142,sparse_leafless,sparse_leafless,,sparse_leafless,8e-06,sparse_leafless,0.003523,sparse_leafless,0.000738,sparse_leafless,0.002242,sparse_leafless,0.000582,sparse_leafless,0.001205
1143,sparse_leafless,sparse_leafless,,sparse_leafless,1.6e-05,sparse_leafless,5.2e-05,sparse_leafless,0.000187,sparse_leafless,0.000305,sparse_leafless,0.00102,sparse_leafless,0.000107
1144,sparse_leafless,sparse_leafless,,sparse_leafless,0.0,sparse_leafless,0.0,sparse_leafless,0.0,sparse_leafless,0.0,sparse_leafless,0.0,sparse_leafless,0.0
1145,sparse_leafless,sparse_leafless,,sparse_leafless,0.0,sparse_leafless,0.0,sparse_leafless,0.0,sparse_leafless,0.0,sparse_leafless,0.0,sparse_leafless,0.0
1146,sparse_leafless,open_leafless,,open_leafless,0.165799,open_leafless,0.028565,open_leafless,0.039917,open_leafless,0.077082,open_leafless,0.039205,open_leafless,0.037568
1147,sparse_leafless,sparse_leafless,,sparse_leafless,1.4e-05,sparse_leafless,0.002361,sparse_leafless,0.001019,sparse_leafless,0.001345,sparse_leafless,0.002449,sparse_leafless,0.001193
1148,sparse_leafless,sparse_leafless,,sparse_leafless,0.0,sparse_leafless,0.0,sparse_leafless,0.0,sparse_leafless,0.0,sparse_leafless,0.0,sparse_leafless,0.0
1149,sparse_leafless,open_leafless,,open_leafless,0.007176,open_leafless,0.041224,open_leafless,0.02503,open_leafless,0.072499,open_leafless,0.037674,open_leafless,0.120818
1150,sparse_leafless,sparse_leafless,,sparse_leafless,0.0,sparse_leafless,0.0,sparse_leafless,0.0,sparse_leafless,0.0,sparse_leafless,0.0,sparse_leafless,0.0
1151,sparse_leafless,open_leafless,,open_leafless,0.0,open_leafless,0.0,open_leafless,0.0,open_leafless,0.0,open_leafless,0.0,open_leafless,0.0
1152,sparse_leafless,open_leafless,,open_leafless,0.0,open_leafless,0.0,open_leafless,0.0,open_leafless,0.0,open_leafless,0.0,open_leafless,2e-06
1153,sparse_leafless,sparse_leafless,,sparse_leafless,0.0,sparse_leafless,6e-06,sparse_leafless,0.000269,sparse_leafless,0.000198,sparse_leafless,0.000237,sparse_leafless,0.00274
1154,sparse_leafless,open_leafless,,open_leafless,0.0,open_leafless,0.0,open_leafless,0.0,open_leafless,0.0,open_leafless,0.0,open_leafless,0.0
1155,sparse_leafless,sparse_leafless,,sparse_leafless,1e-06,sparse_leafless,0.0,sparse_leafless,1e-06,sparse_leafless,0.0,sparse_leafless,0.0,sparse_leafless,1e-06
1156,sparse_leafless,sparse_leafless,,sparse_leafless,0.0,sparse_leafless,0.0,sparse_leafless,1e-06,sparse_leafless,0.0,sparse_leafless,0.0,sparse_leafless,0.0
1157,sparse_leafless,dense_leafless,,dense_leafless,0.003629,dense_leafless,0.101567,dense_leafless,0.057501,dense_leafless,0.033995,dense_leafless,0.011297,dense_leafless,0.141418
1158,sparse_leafless,sparse_leafless,,sparse_leafless,0.010999,sparse_leafless,0.131062,sparse_leafless,0.096826,sparse_leafless,0.002328,sparse_leafless,0.00569,sparse_leafless,0.043849
1159,sparse_leafless,sparse_leafless,,sparse_leafless,0.007796,sparse_leafless,0.047109,sparse_leafless,0.29832,sparse_leafless,0.030911,sparse_leafless,0.083791,sparse_leafless,0.12286
1160,sparse_leafless,open_leafless,,open_leafless,0.001522,open_leafless,0.156457,open_leafless,0.495639,open_leafless,0.379508,open_leafless,0.156414,open_leafless,0.249081
1161,sparse_leafless,dense_leafless,,dense_leafless,0.001011,dense_leafless,0.009259,dense_leafless,0.002166,dense_leafless,0.011518,dense_leafless,0.005165,dense_leafless,0.006829
1162,sparse_leafless,sparse_leafless,,sparse_leafless,0.0,sparse_leafless,1e-06,sparse_leafless,0.0,sparse_leafless,0.0,sparse_leafless,0.0,sparse_leafless,0.0
1163,sparse_leafless,open_leafless,,open_leafless,0.041774,open_leafless,0.098172,open_leafless,0.082143,open_leafless,0.028974,open_leafless,0.009841,open_leafless,0.08437
1164,sparse_leafless,open_leafless,,open_leafless,0.058555,open_leafless,0.153354,open_leafless,0.12742,open_leafless,0.285084,open_leafless,0.105108,open_leafless,0.200357
1165,sparse_leafless,sparse_leafless,,open_leafless,0.427685,open_leafless,0.149691,open_leafless,0.362437,open_leafless,0.618784,open_leafless,0.299667,open_leafless,0.233917
1166,sparse_leafless,sparse_leafless,,sparse_leafless,0.0,sparse_leafless,0.0,sparse_leafless,0.0,sparse_leafless,0.0,sparse_leafless,0.0,sparse_leafless,0.0
1167,sparse_leafless,sparse_leafless,,sparse_leafless,1e-06,sparse_leafless,4e-06,sparse_leafless,1.8e-05,sparse_leafless,2e-06,sparse_leafless,2e-06,sparse_leafless,6e-06
1168,sparse_leafless,sparse_leafless,,sparse_leafless,0.0,sparse_leafless,0.0,sparse_leafless,0.0,sparse_leafless,0.0,sparse_leafless,0.0,sparse_leafless,0.0
1169,sparse_leafless,sparse_leafless,,sparse_leafless,0.0,sparse_leafless,0.0,sparse_leafless,0.0,sparse_leafless,0.0,sparse_leafless,0.0,sparse_leafless,0.0
1170,sparse_leafless,sparse_leafless,,sparse_leafless,0.0,sparse_leafless,0.0,sparse_leafless,0.0,sparse_leafless,0.0,sparse_leafless,0.0,sparse_leafless,0.0
1171,sparse_leafless,sparse_leafless,,sparse_leafless,0.023642,sparse_leafless,0.125653,sparse_leafless,0.056967,sparse_leafless,0.058013,sparse_leafless,0.037495,sparse_leafless,0.037866
1172,sparse_leafless,sparse_leafless,,sparse_leafless,0.0,sparse_leafless,0.0,sparse_leafless,0.0,sparse_leafless,0.0,sparse_leafless,0.0,sparse_leafless,0.0
1173,sparse_leafless,sparse_leafless,,sparse_leafless,0.0,sparse_leafless,0.0,sparse_leafless,0.0,sparse_leafless,0.0,sparse_leafless,0.0,sparse_leafless,0.0
1174,sparse_leafless,sparse_leafless,,sparse_leafless,0.0,sparse_leafless,0.0,sparse_leafless,0.0,sparse_leafless,0.0,sparse_leafless,0.0,sparse_leafless,0.0
1175,sparse_leafless,sparse_leafless,,sparse_leafless,0.000335,sparse_leafless,0.004055,sparse_leafless,0.000836,sparse_leafless,0.002926,sparse_leafless,0.000135,sparse_leafless,0.001271
1176,sparse_leafless,sparse_leafless,,sparse_leafless,0.0,sparse_leafless,0.0,sparse_leafless,0.0,sparse_leafless,0.0,sparse_leafless,0.0,sparse_leafless,0.0
1177,sparse_leafless,sparse_leafless,,sparse_leafless,0.0,sparse_leafless,0.0,sparse_leafless,0.0,sparse_leafless,0.0,sparse_leafless,0.0,sparse_leafless,0.0
1178,sparse_leafless,sparse_leafless,,sparse_leafless,2e-06,sparse_leafless,0.001376,sparse_leafless,0.015322,sparse_leafless,0.021391,sparse_leafless,0.009639,sparse_leafless,0.009936
1179,sparse_leafless,sparse_leafless,,sparse_leafless,0.0,sparse_leafless,0.0,sparse_leafless,0.0,sparse_leafless,1e-06,sparse_leafless,0.0,sparse_leafless,0.0
1180,sparse_leafless,dense_leafless,,dense_leafless,0.454549,dense_leafless,0.721985,dense_leafless,0.281063,dense_leafless,0.320725,dense_leafless,0.213877,dense_leafless,0.288515
1181,sparse_leafless,dense_leafless,,dense_leafless,2.3e-05,dense_leafless,1.4e-05,dense_leafless,2.1e-05,dense_leafless,1.7e-05,dense_leafless,0.000494,dense_leafless,8e-06
1182,sparse_leafless,sparse_leafless,,sparse_leafless,0.0,sparse_leafless,0.0,sparse_leafless,1e-06,sparse_leafless,0.0,sparse_leafless,0.0,sparse_leafless,0.0
1183,sparse_leafless,sparse_leafless,,sparse_leafless,0.0,sparse_leafless,0.0,sparse_leafless,1e-06,sparse_leafless,0.0,sparse_leafless,0.0,sparse_leafless,3e-06
1184,sparse_leafless,sparse_leafless,,sparse_leafless,0.0,sparse_leafless,0.0,sparse_leafless,0.0,sparse_leafless,0.0,sparse_leafless,0.0,sparse_leafless,0.0
1185,sparse_leafless,sparse_leafless,,sparse_leafless,0.0,sparse_leafless,0.0,sparse_leafless,0.0,sparse_leafless,0.0,sparse_leafless,0.0,sparse_leafless,0.0
1186,sparse_leafless,sparse_leafless,,sparse_leafless,0.0,sparse_leafless,0.0,sparse_leafless,0.0,sparse_leafless,0.0,sparse_leafless,0.0,sparse_leafless,0.0
1187,sparse_leafless,sparse_leafless,,sparse_leafless,0.0,sparse_leafless,0.0,sparse_leafless,0.0,sparse_leafless,0.0,sparse_leafless,0.0,sparse_leafless,0.0
1188,sparse_leafless,sparse_leafless,,sparse_leafless,0.0,sparse_leafless,0.0,sparse_leafless,0.0,sparse_leafless,0.0,sparse_leafless,0.0,sparse_leafless,0.0
1189,sparse_leafless,sparse_leafless,,sparse_leafless,0.0,sparse_leafless,0.0,sparse_leafless,0.0,sparse_leafless,0.0,sparse_leafless,0.0,sparse_leafless,0.0
1190,sparse_leafless,sparse_leafless,,sparse_leafless,0.0,sparse_leafless,0.0,sparse_leafless,0.0,sparse_leafless,0.0,sparse_leafless,0.0,sparse_leafless,0.0
1191,sparse_leafless,sparse_leafless,,sparse_leafless,0.0,sparse_leafless,0.0,sparse_leafless,0.0,sparse_leafless,0.0,sparse_leafless,0.0,sparse_leafless,0.0
1192,sparse_leafless,sparse_leafless,,sparse_leafless,0.0,sparse_leafless,0.0,sparse_leafless,0.0,sparse_leafless,0.0,sparse_leafless,0.0,sparse_leafless,0.0
1193,sparse_leafless,sparse_leafless,,sparse_leafless,0.072841,sparse_leafless,0.046769,sparse_leafless,0.010253,sparse_leafless,0.016817,sparse_leafless,0.122901,sparse_leafless,0.068331
1194,sparse_leafless,sparse_leafless,,sparse_leafless,0.0,sparse_leafless,2e-06,sparse_leafless,0.000154,sparse_leafless,0.0,sparse_leafless,0.0,sparse_leafless,0.0
1195,sparse_leafless,sparse_leafless,,sparse_leafless,0.0,sparse_leafless,0.0,sparse_leafless,0.0,sparse_leafless,0.0,sparse_leafless,0.0,sparse_leafless,0.0
1196,sparse_leafless,sparse_leafless,,sparse_leafless,0.0,sparse_leafless,0.0,sparse_leafless,0.0,sparse_leafless,0.0,sparse_leafless,0.0,sparse_leafless,0.0
1197,sparse_leafless,sparse_leafless,,sparse_leafless,0.000127,sparse_leafless,0.01915,sparse_leafless,0.000356,sparse_leafless,0.000113,sparse_leafless,0.001215,sparse_leafless,0.001315
1198,sparse_leafless,sparse_leafless,,sparse_leafless,0.0,sparse_leafless,0.0,sparse_leafless,0.0,sparse_leafless,0.0,sparse_leafless,0.0,sparse_leafless,0.0
1199,sparse_leafless,sparse_leafless,,sparse_leafless,0.0,sparse_leafless,0.0,sparse_leafless,0.0,sparse_leafless,0.0,sparse_leafless,0.0,sparse_leafless,0.0
1200,sparse_leafless,sparse_leafless,,sparse_leafless,0.0,sparse_leafless,0.0,sparse_leafless,0.0,sparse_leafless,0.0,sparse_leafless,0.0,sparse_leafless,0.0
1201,sparse_leafless,sparse_leafless,,sparse_leafless,0.0,sparse_leafless,0.0,sparse_leafless,0.0,sparse_leafless,0.0,sparse_leafless,0.0,sparse_leafless,0.0
1202,sparse_leafless,sparse_leafless,,sparse_leafless,0.0,sparse_leafless,0.0,sparse_leafless,0.0,sparse_leafless,0.0,sparse_leafless,0.0,sparse_leafless,0.0
1203,sparse_leafless,sparse_leafless,,sparse_leafless,0.0,sparse_leafless,0.0,sparse_leafless,0.0,sparse_leafless,0.0,sparse_leafless,0.0,sparse_leafless,0.0
1204,sparse_leafless,sparse_leafless,,sparse_leafless,0.0,sparse_leafless,0.0,sparse_leafless,0.0,sparse_leafless,0.0,sparse_leafless,0.0,sparse_leafless,0.0
1205,sparse_leafless,sparse_leafless,,sparse_leafless,0.0,sparse_leafless,0.0,sparse_leafless,0.0,sparse_leafless,0.0,sparse_leafless,0.0,sparse_leafless,0.0
1206,sparse_leafless,sparse_leafless,,sparse_leafless,0.0,sparse_leafless,0.0,sparse_leafless,0.0,sparse_leafless,0.0,sparse_leafless,0.0,sparse_leafless,0.0
1207,sparse_leafless,sparse_leafless,,sparse_leafless,0.0,sparse_leafless,0.0,sparse_leafless,0.0,sparse_leafless,0.0,sparse_leafless,0.0,sparse_leafless,0.0
1208,sparse_leafless,sparse_leafless,,sparse_leafless,0.0,sparse_leafless,0.0,sparse_leafless,0.0,sparse_leafless,0.0,sparse_leafless,0.0,sparse_leafless,0.0
1209,sparse_leafless,open_leafless,,sparse_leafless,0.013236,sparse_leafless,0.647654,sparse_leafless,0.119401,sparse_leafless,0.25331,sparse_leafless,0.252375,sparse_leafless,0.25624
1210,sparse_leafless,sparse_leafless,,sparse_leafless,0.0,sparse_leafless,0.0,sparse_leafless,0.0,sparse_leafless,0.0,sparse_leafless,0.0,sparse_leafless,0.0
1211,sparse_leafless,sparse_leafless,,sparse_leafless,0.0,sparse_leafless,0.0,sparse_leafless,0.0,sparse_leafless,0.0,sparse_leafless,0.0,sparse_leafless,0.0
1212,sparse_leafless,sparse_leafless,,sparse_leafless,0.0,sparse_leafless,0.0,sparse_leafless,0.0,sparse_leafless,0.0,sparse_leafless,0.0,sparse_leafless,0.0
1213,sparse_leafless,sparse_leafless,,sparse_leafless,0.0,sparse_leafless,0.0,sparse_leafless,0.0,sparse_leafless,0.0,sparse_leafless,0.0,sparse_leafless,0.0
1214,sparse_leafless,sparse_leafless,,sparse_leafless,0.0,sparse_leafless,0.0,sparse_leafless,0.0,sparse_leafless,0.0,sparse_leafless,0.0,sparse_leafless,0.0
1215,sparse_leafless,sparse_leafless,,sparse_leafless,0.0,sparse_leafless,0.0,sparse_leafless,0.0,sparse_leafless,0.0,sparse_leafless,0.0,sparse_leafless,0.0
1216,sparse_leafless,sparse_leafless,,sparse_leafless,0.0,sparse_leafless,0.0,sparse_leafless,0.0,sparse_leafless,0.0,sparse_leafless,0.0,sparse_leafless,0.0
1217,sparse_snow,sparse_snow,,sparse_snow,0.0,sparse_snow,2e-06,sparse_snow,0.0,sparse_snow,1e-06,sparse_snow,1.1e-05,sparse_snow,0.0
1218,sparse_snow,sparse_snow,,sparse_snow,1e-06,sparse_snow,0.0,sparse_snow,1e-06,sparse_snow,0.0,sparse_snow,0.0,sparse_snow,5e-06
1219,sparse_snow,sparse_snow,,sparse_snow,0.0,sparse_snow,0.0,sparse_snow,0.0,sparse_snow,0.0,sparse_snow,2e-06,sparse_snow,1e-06
1220,sparse_snow,sparse_snow,,sparse_snow,0.0,sparse_snow,0.0,sparse_snow,1e-06,sparse_snow,5e-06,sparse_snow,1e-06,sparse_snow,0.0
1221,sparse_snow,sparse_snow,,sparse_snow,0.0,sparse_snow,0.0,sparse_snow,0.0,sparse_snow,0.0,sparse_snow,0.0,sparse_snow,0.0
1222,sparse_snow,sparse_snow,,sparse_snow,0.0,sparse_snow,0.0,sparse_snow,0.0,sparse_snow,0.0,sparse_snow,2e-06,sparse_snow,0.0
1223,sparse_snow,sparse_snow,,sparse_snow,0.0,sparse_snow,0.0,sparse_snow,0.0,sparse_snow,0.0,sparse_snow,0.0,sparse_snow,0.0
1224,sparse_snow,sparse_snow,,sparse_snow,0.0,sparse_snow,0.0,sparse_snow,0.0,sparse_snow,0.0,sparse_snow,0.0,sparse_snow,0.0
1225,sparse_snow,sparse_snow,,sparse_snow,0.0,sparse_snow,0.0,sparse_snow,0.0,sparse_snow,0.0,sparse_snow,0.0,sparse_snow,0.0
1226,sparse_snow,sparse_snow,,sparse_snow,0.0,sparse_snow,0.0,sparse_snow,0.0,sparse_snow,0.0,sparse_snow,0.0,sparse_snow,0.0
1227,sparse_snow,sparse_snow,,sparse_snow,0.0,sparse_snow,0.0,sparse_snow,0.0,sparse_snow,0.0,sparse_snow,0.0,sparse_snow,0.0
1228,sparse_snow,sparse_snow,,sparse_snow,0.0,sparse_snow,0.0,sparse_snow,0.0,sparse_snow,0.0,sparse_snow,0.0,sparse_snow,0.0
1229,sparse_snow,sparse_snow,,sparse_snow,0.0,sparse_snow,0.0,sparse_snow,0.0,sparse_snow,0.0,sparse_snow,0.0,sparse_snow,0.0
1230,sparse_snow,sparse_snow,,sparse_snow,0.0,sparse_snow,0.0,sparse_snow,0.0,sparse_snow,0.0,sparse_snow,0.0,sparse_snow,0.0
1231,sparse_snow,sparse_snow,,sparse_snow,6e-06,sparse_snow,3.6e-05,sparse_snow,4e-06,sparse_snow,0.0,sparse_snow,1.1e-05,sparse_snow,1e-06
1232,sparse_snow,sparse_snow,,sparse_snow,0.000311,sparse_snow,5.2e-05,sparse_snow,0.012648,sparse_snow,0.06842,sparse_snow,0.022001,sparse_snow,0.077037
1233,sparse_snow,sparse_snow,,sparse_snow,0.0,sparse_snow,0.0,sparse_snow,0.0,sparse_snow,1e-06,sparse_snow,3e-06,sparse_snow,0.0
1234,sparse_snow,sparse_snow,,sparse_snow,0.0,sparse_snow,0.0,sparse_snow,0.0,sparse_snow,0.0,sparse_snow,5e-06,sparse_snow,0.0
1235,sparse_snow,sparse_snow,,sparse_snow,3.6e-05,sparse_snow,0.000163,sparse_snow,0.004217,sparse_snow,4.9e-05,sparse_snow,0.000312,sparse_snow,8.4e-05
1236,sparse_snow,sparse_snow,,sparse_snow,7.2e-05,sparse_snow,6e-06,sparse_snow,2.7e-05,sparse_snow,4.3e-05,sparse_snow,2.5e-05,sparse_snow,0.000618
1237,sparse_snow,sparse_snow,,sparse_snow,0.0,sparse_snow,0.0,sparse_snow,0.0,sparse_snow,0.0,sparse_snow,0.0,sparse_snow,0.0
1238,sparse_snow,sparse_snow,,sparse_snow,0.0,sparse_snow,0.0,sparse_snow,0.0,sparse_snow,0.0,sparse_snow,0.0,sparse_snow,0.0
1239,sparse_snow,sparse_snow,,sparse_snow,0.0,sparse_snow,0.0,sparse_snow,0.0,sparse_snow,0.0,sparse_snow,0.0,sparse_snow,0.0
1240,sparse_snow,sparse_snow,,sparse_snow,0.0,sparse_snow,0.0,sparse_snow,0.0,sparse_snow,0.0,sparse_snow,0.0,sparse_snow,0.0
1241,sparse_snow,sparse_snow,,sparse_snow,0.0,sparse_snow,0.0,sparse_snow,0.0,sparse_snow,0.0,sparse_snow,0.0,sparse_snow,0.0
1242,sparse_snow,sparse_snow,,sparse_snow,0.0,sparse_snow,0.0,sparse_snow,0.0,sparse_snow,0.0,sparse_snow,0.0,sparse_snow,0.0
